Workbook
Name AsOfDate: Settings!$B$5
Name CostIndexAlert: Settings!$B$10
Name PalletsPerTrailer: Settings!$B$7
Name PlanWeek: Settings!$B$6
Name TargetFill: Settings!$B$9
Name TargetOnTime: Settings!$B$8

Sheet About
A1: Pool Point Network Planner
A2: Outbound transportation planning workbook. Built by Nana Afari.
A4: What this is | B4: A weekly planning pack for an outbound network of one DC, 8 pool points, 4 linehaul carriers, and 136 stores.
A5: Demand | B5: Seasonality and trend come from real U.S. Census clothing store sales (FRED series MRTSSM448USN).
A6: Simulated | B6: Stores, carriers, rates, and operations are simulated. Pool point cities and road miles are approximate.
A7: As-of date | B7: History runs through the week ending Jul 25, 2026. Forecast covers the next 26 weeks.
A8: Forecast | B8: Holt-Winters won a two-window backtest with 3.5% WAPE at the pool point level.
A10: Sheet | B10: Use it to
A11: Dashboard | B11: Pick a pool point to see its KPIs, 26-week forecast, and trailer needs vs. contract.
A12: KPI Scorecard | B12: Benchmark pool points and carriers against the targets on the Settings sheet.
A13: Volume Forecast | B13: Weekly forecast by lane. Trailers and capacity status are formulas.
A14: Forecast Matrix | B14: Pool point by week heatmap of forecast pallets.
A15: Carrier Outlook | B15: Surge trailers to request from each carrier, plus the outlook notes to send them.
A16: Peak Week Schedule | B16: Store delivery plan for the peak week after change requests and mitigation.
... A21: Settings | B21: Targets and constants used by every formula. Yellow cells are inputs.

Sheet Dashboard
A1: Pool Point Dashboard
A2: Pick a pool point in the yellow cell. Every number and chart below updates.
A4: Pool point | B4: PP03
A5: City | B5: =INDEX('Pool Points'!$B:$B,MATCH($B$4,'Pool Points'!$A:$A,0))&", "&INDEX('Pool Points'!$C:$C,MATCH($B$4,'Pool Points'!$A:$A,0)) -> Worcester, MA
A6: Carrier | B6: =INDEX('Pool Points'!$E:$E,MATCH($B$4,'Pool Points'!$A:$A,0)) -> CARR-B
A8: Avg weekly pallets | B8: YoY volume growth | C8: On-time delivery | D8: Trailer fill | E8: Cost per pallet | F8: Forecast WAPE | G8: Peak forecast week | H8: Weeks over capacity
A9: =INDEX('KPI Scorecard'!$D:$D,MATCH($B$4,'KPI Scorecard'!$A:$A,0)) -> 323.90385 | B9: =INDEX('KPI Scorecard'!$E:$E,MATCH($B$4,'KPI Scorecard'!$A:$A,0)) -> 0.06224773 | C9: =INDEX('KPI Scorecard'!$F:$F,MATCH($B$4,'KPI Scorecard'!$A:$A,0)) -> 0.92548077 | D9: =INDEX('KPI Scorecard'!$H:$H,MATCH($B$4,'KPI Scorecard'!$A:$A,0)) -> 0.80473005 | E9: =INDEX('KPI Scorecard'!$J:$J,MATCH($B$4,'KPI Scorecard'!$A:$A,0)) -> 87.692721 | F9: =INDEX('KPI Scorecard'!$N:$N,MATCH($B$4,'KPI Scorecard'!$A:$A,0)) -> 0.036655236 | G9: =INDEX($A$13:$A$38,MATCH(MAX($B$13:$B$38),$B$13:$B$38,0)) -> 46368 | H9: =COUNTIF($G$13:$G$38,"Over capacity") -> 6
A11: Next 26 weeks | I11: Forecast pallets per week
A12: Week ending | B12: Forecast pallets | C12: High (P80) | D12: Trailers needed | E12: Contracted | F12: Gap (trailers) | G12: Capacity status
A13: 46235 | B13: =SUMIFS('Volume Forecast'!$E$5:$E$212,'Volume Forecast'!$B$5:$B$212,$B$4,'Volume Forecast'!$A$5:$A$212,$A13) -> 329.3 | C13: =SUMIFS('Volume Forecast'!$G$5:$G$212,'Volume Forecast'!$B$5:$B$212,$B$4,'Volume Forecast'!$A$5:$A$212,$A13) -> 337.4 | D13: =SUMIFS('Volume Forecast'!$J$5:$J$212,'Volume Forecast'!$B$5:$B$212,$B$4,'Volume Forecast'!$A$5:$A$212,$A13) -> 16 | E13: =INDEX('Pool Points'!$I:$I,MATCH($B$4,'Pool Points'!$A:$A,0)) -> 18 | F13: =D13-E13 -> -2 | G13: =IF(D13>E13,"Over capacity",IF(SUMIFS('Volume Forecast'!$K$5:$K$212,'Volume Forecast'!$B$5:$B$212,$B$4,'Volume Forecast'!$A$5:$A$212,$A13)>E13,"At risk","Covered")) -> Covered
A14: 46242 | B14: =SUMIFS('Volume Forecast'!$E$5:$E$212,'Volume Forecast'!$B$5:$B$212,$B$4,'Volume Forecast'!$A$5:$A$212,$A14) -> 331.1 | C14: =SUMIFS('Volume Forecast'!$G$5:$G$212,'Volume Forecast'!$B$5:$B$212,$B$4,'Volume Forecast'!$A$5:$A$212,$A14) -> 339.2 | D14: =SUMIFS('Volume Forecast'!$J$5:$J$212,'Volume Forecast'!$B$5:$B$212,$B$4,'Volume Forecast'!$A$5:$A$212,$A14) -> 16 | E14: =INDEX('Pool Points'!$I:$I,MATCH($B$4,'Pool Points'!$A:$A,0)) -> 18 | F14: =D14-E14 -> -2 | G14: =IF(D14>E14,"Over capacity",IF(SUMIFS('Volume Forecast'!$K$5:$K$212,'Volume Forecast'!$B$5:$B$212,$B$4,'Volume Forecast'!$A$5:$A$212,$A14)>E14,"At risk","Covered")) -> Covered
A15: 46249 | B15: =SUMIFS('Volume Forecast'!$E$5:$E$212,'Volume Forecast'!$B$5:$B$212,$B$4,'Volume Forecast'!$A$5:$A$212,$A15) -> 328.7 | C15: =SUMIFS('Volume Forecast'!$G$5:$G$212,'Volume Forecast'!$B$5:$B$212,$B$4,'Volume Forecast'!$A$5:$A$212,$A15) -> 336.8 | D15: =SUMIFS('Volume Forecast'!$J$5:$J$212,'Volume Forecast'!$B$5:$B$212,$B$4,'Volume Forecast'!$A$5:$A$212,$A15) -> 16 | E15: =INDEX('Pool Points'!$I:$I,MATCH($B$4,'Pool Points'!$A:$A,0)) -> 18 | F15: =D15-E15 -> -2 | G15: =IF(D15>E15,"Over capacity",IF(SUMIFS('Volume Forecast'!$K$5:$K$212,'Volume Forecast'!$B$5:$B$212,$B$4,'Volume Forecast'!$A$5:$A$212,$A15)>E15,"At risk","Covered")) -> Covered
A16: 46256 | B16: =SUMIFS('Volume Forecast'!$E$5:$E$212,'Volume Forecast'!$B$5:$B$212,$B$4,'Volume Forecast'!$A$5:$A$212,$A16) -> 321.2 | C16: =SUMIFS('Volume Forecast'!$G$5:$G$212,'Volume Forecast'!$B$5:$B$212,$B$4,'Volume Forecast'!$A$5:$A$212,$A16) -> 329.1 | D16: =SUMIFS('Volume Forecast'!$J$5:$J$212,'Volume Forecast'!$B$5:$B$212,$B$4,'Volume Forecast'!$A$5:$A$212,$A16) -> 16 | E16: =INDEX('Pool Points'!$I:$I,MATCH($B$4,'Pool Points'!$A:$A,0)) -> 18 | F16: =D16-E16 -> -2 | G16: =IF(D16>E16,"Over capacity",IF(SUMIFS('Volume Forecast'!$K$5:$K$212,'Volume Forecast'!$B$5:$B$212,$B$4,'Volume Forecast'!$A$5:$A$212,$A16)>E16,"At risk","Covered")) -> Covered
A17: 46263 | B17: =SUMIFS('Volume Forecast'!$E$5:$E$212,'Volume Forecast'!$B$5:$B$212,$B$4,'Volume Forecast'!$A$5:$A$212,$A17) -> 313.6 | C17: =SUMIFS('Volume Forecast'!$G$5:$G$212,'Volume Forecast'!$B$5:$B$212,$B$4,'Volume Forecast'!$A$5:$A$212,$A17) -> 321.3 | D17: =SUMIFS('Volume Forecast'!$J$5:$J$212,'Volume Forecast'!$B$5:$B$212,$B$4,'Volume Forecast'!$A$5:$A$212,$A17) -> 15 | E17: =INDEX('Pool Points'!$I:$I,MATCH($B$4,'Pool Points'!$A:$A,0)) -> 18 | F17: =D17-E17 -> -3 | G17: =IF(D17>E17,"Over capacity",IF(SUMIFS('Volume Forecast'!$K$5:$K$212,'Volume Forecast'!$B$5:$B$212,$B$4,'Volume Forecast'!$A$5:$A$212,$A17)>E17,"At risk","Covered")) -> Covered
A18: 46270 | B18: =SUMIFS('Volume Forecast'!$E$5:$E$212,'Volume Forecast'!$B$5:$B$212,$B$4,'Volume Forecast'!$A$5:$A$212,$A18) -> 296 | C18: =SUMIFS('Volume Forecast'!$G$5:$G$212,'Volume Forecast'!$B$5:$B$212,$B$4,'Volume Forecast'!$A$5:$A$212,$A18) -> 303.3 | D18: =SUMIFS('Volume Forecast'!$J$5:$J$212,'Volume Forecast'!$B$5:$B$212,$B$4,'Volume Forecast'!$A$5:$A$212,$A18) -> 15 | E18: =INDEX('Pool Points'!$I:$I,MATCH($B$4,'Pool Points'!$A:$A,0)) -> 18 | F18: =D18-E18 -> -3 | G18: =IF(D18>E18,"Over capacity",IF(SUMIFS('Volume Forecast'!$K$5:$K$212,'Volume Forecast'!$B$5:$B$212,$B$4,'Volume Forecast'!$A$5:$A$212,$A18)>E18,"At risk","Covered")) -> Covered
A19: 46277 | B19: =SUMIFS('Volume Forecast'!$E$5:$E$212,'Volume Forecast'!$B$5:$B$212,$B$4,'Volume Forecast'!$A$5:$A$212,$A19) -> 287.9 | C19: =SUMIFS('Volume Forecast'!$G$5:$G$212,'Volume Forecast'!$B$5:$B$212,$B$4,'Volume Forecast'!$A$5:$A$212,$A19) -> 295 | D19: =SUMIFS('Volume Forecast'!$J$5:$J$212,'Volume Forecast'!$B$5:$B$212,$B$4,'Volume Forecast'!$A$5:$A$212,$A19) -> 14 | E19: =INDEX('Pool Points'!$I:$I,MATCH($B$4,'Pool Points'!$A:$A,0)) -> 18 | F19: =D19-E19 -> -4 | G19: =IF(D19>E19,"Over capacity",IF(SUMIFS('Volume Forecast'!$K$5:$K$212,'Volume Forecast'!$B$5:$B$212,$B$4,'Volume Forecast'!$A$5:$A$212,$A19)>E19,"At risk","Covered")) -> Covered
A20: 46284 | B20: =SUMIFS('Volume Forecast'!$E$5:$E$212,'Volume Forecast'!$B$5:$B$212,$B$4,'Volume Forecast'!$A$5:$A$212,$A20) -> 305.4 | C20: =SUMIFS('Volume Forecast'!$G$5:$G$212,'Volume Forecast'!$B$5:$B$212,$B$4,'Volume Forecast'!$A$5:$A$212,$A20) -> 312.9 | D20: =SUMIFS('Volume Forecast'!$J$5:$J$212,'Volume Forecast'!$B$5:$B$212,$B$4,'Volume Forecast'!$A$5:$A$212,$A20) -> 15 | E20: =INDEX('Pool Points'!$I:$I,MATCH($B$4,'Pool Points'!$A:$A,0)) -> 18 | F20: =D20-E20 -> -3 | G20: =IF(D20>E20,"Over capacity",IF(SUMIFS('Volume Forecast'!$K$5:$K$212,'Volume Forecast'!$B$5:$B$212,$B$4,'Volume Forecast'!$A$5:$A$212,$A20)>E20,"At risk","Covered")) -> Covered
A21: 46291 | B21: =SUMIFS('Volume Forecast'!$E$5:$E$212,'Volume Forecast'!$B$5:$B$212,$B$4,'Volume Forecast'!$A$5:$A$212,$A21) -> 303.5 | C21: =SUMIFS('Volume Forecast'!$G$5:$G$212,'Volume Forecast'!$B$5:$B$212,$B$4,'Volume Forecast'!$A$5:$A$212,$A21) -> 311 | D21: =SUMIFS('Volume Forecast'!$J$5:$J$212,'Volume Forecast'!$B$5:$B$212,$B$4,'Volume Forecast'!$A$5:$A$212,$A21) -> 15 | E21: =INDEX('Pool Points'!$I:$I,MATCH($B$4,'Pool Points'!$A:$A,0)) -> 18 | F21: =D21-E21 -> -3 | G21: =IF(D21>E21,"Over capacity",IF(SUMIFS('Volume Forecast'!$K$5:$K$212,'Volume Forecast'!$B$5:$B$212,$B$4,'Volume Forecast'!$A$5:$A$212,$A21)>E21,"At risk","Covered")) -> Covered
A22: 46298 | B22: =SUMIFS('Volume Forecast'!$E$5:$E$212,'Volume Forecast'!$B$5:$B$212,$B$4,'Volume Forecast'!$A$5:$A$212,$A22) -> 298.5 | C22: =SUMIFS('Volume Forecast'!$G$5:$G$212,'Volume Forecast'!$B$5:$B$212,$B$4,'Volume Forecast'!$A$5:$A$212,$A22) -> 305.8 | D22: =SUMIFS('Volume Forecast'!$J$5:$J$212,'Volume Forecast'!$B$5:$B$212,$B$4,'Volume Forecast'!$A$5:$A$212,$A22) -> 15 | E22: =INDEX('Pool Points'!$I:$I,MATCH($B$4,'Pool Points'!$A:$A,0)) -> 18 | F22: =D22-E22 -> -3 | G22: =IF(D22>E22,"Over capacity",IF(SUMIFS('Volume Forecast'!$K$5:$K$212,'Volume Forecast'!$B$5:$B$212,$B$4,'Volume Forecast'!$A$5:$A$212,$A22)>E22,"At risk","Covered")) -> Covered
A23: 46305 | B23: =SUMIFS('Volume Forecast'!$E$5:$E$212,'Volume Forecast'!$B$5:$B$212,$B$4,'Volume Forecast'!$A$5:$A$212,$A23) -> 311.1 | C23: =SUMIFS('Volume Forecast'!$G$5:$G$212,'Volume Forecast'!$B$5:$B$212,$B$4,'Volume Forecast'!$A$5:$A$212,$A23) -> 318.8 | D23: =SUMIFS('Volume Forecast'!$J$5:$J$212,'Volume Forecast'!$B$5:$B$212,$B$4,'Volume Forecast'!$A$5:$A$212,$A23) -> 15 | E23: =INDEX('Pool Points'!$I:$I,MATCH($B$4,'Pool Points'!$A:$A,0)) -> 18 | F23: =D23-E23 -> -3 | G23: =IF(D23>E23,"Over capacity",IF(SUMIFS('Volume Forecast'!$K$5:$K$212,'Volume Forecast'!$B$5:$B$212,$B$4,'Volume Forecast'!$A$5:$A$212,$A23)>E23,"At risk","Covered")) -> Covered
A24: 46312 | B24: =SUMIFS('Volume Forecast'!$E$5:$E$212,'Volume Forecast'!$B$5:$B$212,$B$4,'Volume Forecast'!$A$5:$A$212,$A24) -> 319.3 | C24: =SUMIFS('Volume Forecast'!$G$5:$G$212,'Volume Forecast'!$B$5:$B$212,$B$4,'Volume Forecast'!$A$5:$A$212,$A24) -> 327.1 | D24: =SUMIFS('Volume Forecast'!$J$5:$J$212,'Volume Forecast'!$B$5:$B$212,$B$4,'Volume Forecast'!$A$5:$A$212,$A24) -> 16 | E24: =INDEX('Pool Points'!$I:$I,MATCH($B$4,'Pool Points'!$A:$A,0)) -> 18 | F24: =D24-E24 -> -2 | G24: =IF(D24>E24,"Over capacity",IF(SUMIFS('Volume Forecast'!$K$5:$K$212,'Volume Forecast'!$B$5:$B$212,$B$4,'Volume Forecast'!$A$5:$A$212,$A24)>E24,"At risk","Covered")) -> Covered
... A26: 46326 | B26: =SUMIFS('Volume Forecast'!$E$5:$E$212,'Volume Forecast'!$B$5:$B$212,$B$4,'Volume Forecast'!$A$5:$A$212,$A26) -> 358.1 | C26: =SUMIFS('Volume Forecast'!$G$5:$G$212,'Volume Forecast'!$B$5:$B$212,$B$4,'Volume Forecast'!$A$5:$A$212,$A26) -> 366.9 | D26: =SUMIFS('Volume Forecast'!$J$5:$J$212,'Volume Forecast'!$B$5:$B$212,$B$4,'Volume Forecast'!$A$5:$A$212,$A26) -> 18 | E26: =INDEX('Pool Points'!$I:$I,MATCH($B$4,'Pool Points'!$A:$A,0)) -> 18 | F26: =D26-E26 -> 0 | G26: =IF(D26>E26,"Over capacity",IF(SUMIFS('Volume Forecast'!$K$5:$K$212,'Volume Forecast'!$B$5:$B$212,$B$4,'Volume Forecast'!$A$5:$A$212,$A26)>E26,"At risk","Covered")) -> Covered
A27: 46333 | B27: =SUMIFS('Volume Forecast'!$E$5:$E$212,'Volume Forecast'!$B$5:$B$212,$B$4,'Volume Forecast'!$A$5:$A$212,$A27) -> 364.1 | C27: =SUMIFS('Volume Forecast'!$G$5:$G$212,'Volume Forecast'!$B$5:$B$212,$B$4,'Volume Forecast'!$A$5:$A$212,$A27) -> 373.1 | D27: =SUMIFS('Volume Forecast'!$J$5:$J$212,'Volume Forecast'!$B$5:$B$212,$B$4,'Volume Forecast'!$A$5:$A$212,$A27) -> 18 | E27: =INDEX('Pool Points'!$I:$I,MATCH($B$4,'Pool Points'!$A:$A,0)) -> 18 | F27: =D27-E27 -> 0 | G27: =IF(D27>E27,"Over capacity",IF(SUMIFS('Volume Forecast'!$K$5:$K$212,'Volume Forecast'!$B$5:$B$212,$B$4,'Volume Forecast'!$A$5:$A$212,$A27)>E27,"At risk","Covered")) -> Covered | I27: Trailers needed vs. contracted per week
A28: 46340 | B28: =SUMIFS('Volume Forecast'!$E$5:$E$212,'Volume Forecast'!$B$5:$B$212,$B$4,'Volume Forecast'!$A$5:$A$212,$A28) -> 398.8 | C28: =SUMIFS('Volume Forecast'!$G$5:$G$212,'Volume Forecast'!$B$5:$B$212,$B$4,'Volume Forecast'!$A$5:$A$212,$A28) -> 408.7 | D28: =SUMIFS('Volume Forecast'!$J$5:$J$212,'Volume Forecast'!$B$5:$B$212,$B$4,'Volume Forecast'!$A$5:$A$212,$A28) -> 20 | E28: =INDEX('Pool Points'!$I:$I,MATCH($B$4,'Pool Points'!$A:$A,0)) -> 18 | F28: =D28-E28 -> 2 | G28: =IF(D28>E28,"Over capacity",IF(SUMIFS('Volume Forecast'!$K$5:$K$212,'Volume Forecast'!$B$5:$B$212,$B$4,'Volume Forecast'!$A$5:$A$212,$A28)>E28,"At risk","Covered")) -> Over capacity
A29: 46347 | B29: =SUMIFS('Volume Forecast'!$E$5:$E$212,'Volume Forecast'!$B$5:$B$212,$B$4,'Volume Forecast'!$A$5:$A$212,$A29) -> 415.7 | C29: =SUMIFS('Volume Forecast'!$G$5:$G$212,'Volume Forecast'!$B$5:$B$212,$B$4,'Volume Forecast'!$A$5:$A$212,$A29) -> 426 | D29: =SUMIFS('Volume Forecast'!$J$5:$J$212,'Volume Forecast'!$B$5:$B$212,$B$4,'Volume Forecast'!$A$5:$A$212,$A29) -> 20 | E29: =INDEX('Pool Points'!$I:$I,MATCH($B$4,'Pool Points'!$A:$A,0)) -> 18 | F29: =D29-E29 -> 2 | G29: =IF(D29>E29,"Over capacity",IF(SUMIFS('Volume Forecast'!$K$5:$K$212,'Volume Forecast'!$B$5:$B$212,$B$4,'Volume Forecast'!$A$5:$A$212,$A29)>E29,"At risk","Covered")) -> Over capacity
A30: 46354 | B30: =SUMIFS('Volume Forecast'!$E$5:$E$212,'Volume Forecast'!$B$5:$B$212,$B$4,'Volume Forecast'!$A$5:$A$212,$A30) -> 445.8 | C30: =SUMIFS('Volume Forecast'!$G$5:$G$212,'Volume Forecast'!$B$5:$B$212,$B$4,'Volume Forecast'!$A$5:$A$212,$A30) -> 456.7 | D30: =SUMIFS('Volume Forecast'!$J$5:$J$212,'Volume Forecast'!$B$5:$B$212,$B$4,'Volume Forecast'!$A$5:$A$212,$A30) -> 22 | E30: =INDEX('Pool Points'!$I:$I,MATCH($B$4,'Pool Points'!$A:$A,0)) -> 18 | F30: =D30-E30 -> 4 | G30: =IF(D30>E30,"Over capacity",IF(SUMIFS('Volume Forecast'!$K$5:$K$212,'Volume Forecast'!$B$5:$B$212,$B$4,'Volume Forecast'!$A$5:$A$212,$A30)>E30,"At risk","Covered")) -> Over capacity
A31: 46361 | B31: =SUMIFS('Volume Forecast'!$E$5:$E$212,'Volume Forecast'!$B$5:$B$212,$B$4,'Volume Forecast'!$A$5:$A$212,$A31) -> 479.2 | C31: =SUMIFS('Volume Forecast'!$G$5:$G$212,'Volume Forecast'!$B$5:$B$212,$B$4,'Volume Forecast'!$A$5:$A$212,$A31) -> 491.1 | D31: =SUMIFS('Volume Forecast'!$J$5:$J$212,'Volume Forecast'!$B$5:$B$212,$B$4,'Volume Forecast'!$A$5:$A$212,$A31) -> 23 | E31: =INDEX('Pool Points'!$I:$I,MATCH($B$4,'Pool Points'!$A:$A,0)) -> 18 | F31: =D31-E31 -> 5 | G31: =IF(D31>E31,"Over capacity",IF(SUMIFS('Volume Forecast'!$K$5:$K$212,'Volume Forecast'!$B$5:$B$212,$B$4,'Volume Forecast'!$A$5:$A$212,$A31)>E31,"At risk","Covered")) -> Over capacity
A32: 46368 | B32: =SUMIFS('Volume Forecast'!$E$5:$E$212,'Volume Forecast'!$B$5:$B$212,$B$4,'Volume Forecast'!$A$5:$A$212,$A32) -> 479.6 | C32: =SUMIFS('Volume Forecast'!$G$5:$G$212,'Volume Forecast'!$B$5:$B$212,$B$4,'Volume Forecast'!$A$5:$A$212,$A32) -> 491.5 | D32: =SUMIFS('Volume Forecast'!$J$5:$J$212,'Volume Forecast'!$B$5:$B$212,$B$4,'Volume Forecast'!$A$5:$A$212,$A32) -> 23 | E32: =INDEX('Pool Points'!$I:$I,MATCH($B$4,'Pool Points'!$A:$A,0)) -> 18 | F32: =D32-E32 -> 5 | G32: =IF(D32>E32,"Over capacity",IF(SUMIFS('Volume Forecast'!$K$5:$K$212,'Volume Forecast'!$B$5:$B$212,$B$4,'Volume Forecast'!$A$5:$A$212,$A32)>E32,"At risk","Covered")) -> Over capacity
A33: 46375 | B33: =SUMIFS('Volume Forecast'!$E$5:$E$212,'Volume Forecast'!$B$5:$B$212,$B$4,'Volume Forecast'!$A$5:$A$212,$A33) -> 422.1 | C33: =SUMIFS('Volume Forecast'!$G$5:$G$212,'Volume Forecast'!$B$5:$B$212,$B$4,'Volume Forecast'!$A$5:$A$212,$A33) -> 432.5 | D33: =SUMIFS('Volume Forecast'!$J$5:$J$212,'Volume Forecast'!$B$5:$B$212,$B$4,'Volume Forecast'!$A$5:$A$212,$A33) -> 21 | E33: =INDEX('Pool Points'!$I:$I,MATCH($B$4,'Pool Points'!$A:$A,0)) -> 18 | F33: =D33-E33 -> 3 | G33: =IF(D33>E33,"Over capacity",IF(SUMIFS('Volume Forecast'!$K$5:$K$212,'Volume Forecast'!$B$5:$B$212,$B$4,'Volume Forecast'!$A$5:$A$212,$A33)>E33,"At risk","Covered")) -> Over capacity
A34: 46382 | B34: =SUMIFS('Volume Forecast'!$E$5:$E$212,'Volume Forecast'!$B$5:$B$212,$B$4,'Volume Forecast'!$A$5:$A$212,$A34) -> 366.6 | C34: =SUMIFS('Volume Forecast'!$G$5:$G$212,'Volume Forecast'!$B$5:$B$212,$B$4,'Volume Forecast'!$A$5:$A$212,$A34) -> 375.6 | D34: =SUMIFS('Volume Forecast'!$J$5:$J$212,'Volume Forecast'!$B$5:$B$212,$B$4,'Volume Forecast'!$A$5:$A$212,$A34) -> 18 | E34: =INDEX('Pool Points'!$I:$I,MATCH($B$4,'Pool Points'!$A:$A,0)) -> 18 | F34: =D34-E34 -> 0 | G34: =IF(D34>E34,"Over capacity",IF(SUMIFS('Volume Forecast'!$K$5:$K$212,'Volume Forecast'!$B$5:$B$212,$B$4,'Volume Forecast'!$A$5:$A$212,$A34)>E34,"At risk","Covered")) -> Covered
A35: 46389 | B35: =SUMIFS('Volume Forecast'!$E$5:$E$212,'Volume Forecast'!$B$5:$B$212,$B$4,'Volume Forecast'!$A$5:$A$212,$A35) -> 310.6 | C35: =SUMIFS('Volume Forecast'!$G$5:$G$212,'Volume Forecast'!$B$5:$B$212,$B$4,'Volume Forecast'!$A$5:$A$212,$A35) -> 318.2 | D35: =SUMIFS('Volume Forecast'!$J$5:$J$212,'Volume Forecast'!$B$5:$B$212,$B$4,'Volume Forecast'!$A$5:$A$212,$A35) -> 15 | E35: =INDEX('Pool Points'!$I:$I,MATCH($B$4,'Pool Points'!$A:$A,0)) -> 18 | F35: =D35-E35 -> -3 | G35: =IF(D35>E35,"Over capacity",IF(SUMIFS('Volume Forecast'!$K$5:$K$212,'Volume Forecast'!$B$5:$B$212,$B$4,'Volume Forecast'!$A$5:$A$212,$A35)>E35,"At risk","Covered")) -> Covered
A36: 46396 | B36: =SUMIFS('Volume Forecast'!$E$5:$E$212,'Volume Forecast'!$B$5:$B$212,$B$4,'Volume Forecast'!$A$5:$A$212,$A36) -> 250.6 | C36: =SUMIFS('Volume Forecast'!$G$5:$G$212,'Volume Forecast'!$B$5:$B$212,$B$4,'Volume Forecast'!$A$5:$A$212,$A36) -> 256.8 | D36: =SUMIFS('Volume Forecast'!$J$5:$J$212,'Volume Forecast'!$B$5:$B$212,$B$4,'Volume Forecast'!$A$5:$A$212,$A36) -> 12 | E36: =INDEX('Pool Points'!$I:$I,MATCH($B$4,'Pool Points'!$A:$A,0)) -> 18 | F36: =D36-E36 -> -6 | G36: =IF(D36>E36,"Over capacity",IF(SUMIFS('Volume Forecast'!$K$5:$K$212,'Volume Forecast'!$B$5:$B$212,$B$4,'Volume Forecast'!$A$5:$A$212,$A36)>E36,"At risk","Covered")) -> Covered
A37: 46403 | B37: =SUMIFS('Volume Forecast'!$E$5:$E$212,'Volume Forecast'!$B$5:$B$212,$B$4,'Volume Forecast'!$A$5:$A$212,$A37) -> 250.6 | C37: =SUMIFS('Volume Forecast'!$G$5:$G$212,'Volume Forecast'!$B$5:$B$212,$B$4,'Volume Forecast'!$A$5:$A$212,$A37) -> 256.8 | D37: =SUMIFS('Volume Forecast'!$J$5:$J$212,'Volume Forecast'!$B$5:$B$212,$B$4,'Volume Forecast'!$A$5:$A$212,$A37) -> 12 | E37: =INDEX('Pool Points'!$I:$I,MATCH($B$4,'Pool Points'!$A:$A,0)) -> 18 | F37: =D37-E37 -> -6 | G37: =IF(D37>E37,"Over capacity",IF(SUMIFS('Volume Forecast'!$K$5:$K$212,'Volume Forecast'!$B$5:$B$212,$B$4,'Volume Forecast'!$A$5:$A$212,$A37)>E37,"At risk","Covered")) -> Covered
A38: 46410 | B38: =SUMIFS('Volume Forecast'!$E$5:$E$212,'Volume Forecast'!$B$5:$B$212,$B$4,'Volume Forecast'!$A$5:$A$212,$A38) -> 262.3 | C38: =SUMIFS('Volume Forecast'!$G$5:$G$212,'Volume Forecast'!$B$5:$B$212,$B$4,'Volume Forecast'!$A$5:$A$212,$A38) -> 268.8 | D38: =SUMIFS('Volume Forecast'!$J$5:$J$212,'Volume Forecast'!$B$5:$B$212,$B$4,'Volume Forecast'!$A$5:$A$212,$A38) -> 13 | E38: =INDEX('Pool Points'!$I:$I,MATCH($B$4,'Pool Points'!$A:$A,0)) -> 18 | F38: =D38-E38 -> -5 | G38: =IF(D38>E38,"Over capacity",IF(SUMIFS('Volume Forecast'!$K$5:$K$212,'Volume Forecast'!$B$5:$B$212,$B$4,'Volume Forecast'!$A$5:$A$212,$A38)>E38,"At risk","Covered")) -> Covered

Sheet KPI Scorecard
A1: KPI Scorecard, trailing 52 weeks
A2: Status columns are formulas against the targets on the Settings sheet.
A3: Targets: | B3: ="On-time "&TEXT(TargetOnTime,"0%")&" Fill "&TEXT(TargetFill,"0%")&" Cost alert "&TEXT(CostIndexAlert,"0.00")&"x network" -> On-time 95% Fill 75% Cost alert 1.10x network
A5: Pool point | B5: City | C5: Carrier | D5: Avg weekly pallets | E5: YoY volume growth | F5: On-time % | G5: On-time status | H5: Trailer fill % | I5: Fill status | J5: Cost per pallet | K5: Cost vs network | L5: Cost status | M5: Avg backlog pallets | N5: Forecast WAPE
A6: PP01 | B6: Albany | C6: CARR-A | D6: 241.80769 | E6: 0.075344223 | F6: 0.95274725 | G6: =IF(F6>=TargetOnTime,"Meets","Below target") -> Meets | H6: 0.7383441 | I6: =IF(H6>=TargetFill,"Meets","Below target") -> Below target | J6: 80.278094 | K6: 0.97794605 | L6: =IF(K6>CostIndexAlert,"High cost","In range") -> In range | M6: 9.6730769 | N6: 0.038798994
A7: PP02 | B7: Hartford | C7: CARR-A | D7: 239.46154 | E7: 0.066552463 | F7: 0.96064401 | G7: =IF(F7>=TargetOnTime,"Meets","Below target") -> Meets | H7: 0.79160839 | I7: =IF(H7>=TargetFill,"Meets","Below target") -> Meets | J7: 84.089745 | K7: 1.0243795 | L7: =IF(K7>CostIndexAlert,"High cost","In range") -> In range | M7: 7.7115385 | N7: 0.028146819
A8: PP03 | B8: Worcester | C8: CARR-B | D8: 323.90385 | E8: 0.06224773 | F8: 0.92548077 | G8: =IF(F8>=TargetOnTime,"Meets","Below target") -> Below target | H8: 0.80473005 | I8: =IF(H8>=TargetFill,"Meets","Below target") -> Meets | J8: 87.692721 | K8: 1.0682709 | L8: =IF(K8>CostIndexAlert,"High cost","In range") -> In range | M8: 14.538462 | N8: 0.036655236
A9: PP04 | B9: Harrisburg | C9: CARR-C | D9: 230.17308 | E9: 0.084541501 | F9: 0.97216599 | G9: =IF(F9>=TargetOnTime,"Meets","Below target") -> Meets | H9: 0.74489669 | I9: =IF(H9>=TargetFill,"Meets","Below target") -> Below target | J9: 68.83121 | K9: 0.83850035 | L9: =IF(K9>CostIndexAlert,"High cost","In range") -> In range | M9: 8.4038462 | N9: 0.031001689
A10: PP05 | B10: Pittsburgh | C10: CARR-C | D10: 301.34615 | E10: 0.060718879 | F10: 0.96645796 | G10: =IF(F10>=TargetOnTime,"Meets","Below target") -> Meets | H10: 0.78373512 | I10: =IF(H10>=TargetFill,"Meets","Below target") -> Meets | J10: 95.341895 | K10: 1.161453 | L10: =IF(K10>CostIndexAlert,"High cost","In range") -> High cost | M10: 16.769231 | N10: 0.039016944
A11: PP06 | B11: Baltimore | C11: CARR-D | D11: 280.25 | E11: 0.097777778 | F11: 0.95403377 | G11: =IF(F11>=TargetOnTime,"Meets","Below target") -> Meets | H11: 0.76886145 | I11: =IF(H11>=TargetFill,"Meets","Below target") -> Meets | J11: 65.329033 | K11: 0.79583691 | L11: =IF(K11>CostIndexAlert,"High cost","In range") -> In range | M11: 11.115385 | N11: 0.046718156
A12: PP07 | B12: Richmond | C12: CARR-D | D12: 227.36538 | E12: 0.090883927 | F12: 0.9475052 | G12: =IF(F12>=TargetOnTime,"Meets","Below target") -> Below target | H12: 0.75662358 | I12: =IF(H12>=TargetFill,"Meets","Below target") -> Meets | J12: 85.179544 | K12: 1.0376554 | L12: =IF(K12>CostIndexAlert,"High cost","In range") -> In range | M12: 7 | N12: 0.033816745
A13: PP08 | B13: Syracuse | C13: CARR-B | D13: 217.53846 | E13: 0.060268066 | F13: 0.91813187 | G13: =IF(F13>=TargetOnTime,"Meets","Below target") -> Below target | H13: 0.70060696 | I13: =IF(H13>=TargetFill,"Meets","Below target") -> Below target | J13: 87.581374 | K13: 1.0669145 | L13: =IF(K13>CostIndexAlert,"High cost","In range") -> In range | M13: 8.5192308 | N13: 0.024209754
A15: Carrier scorecard
A16: Carrier | B16: Name | C16: Lanes | D16: Avg weekly pallets | E16: On-time % | F16: On-time status | G16: Trailer fill % | H16: Cost per pallet
A17: CARR-A | B17: Carrier A | C17: 2 | D17: 481.26923 | E17: 0.95710059 | F17: =IF(E17>=TargetOnTime,"Meets","Below target") -> Meets | G17: 0.76391941 | H17: 82.174628
A18: CARR-B | B18: Carrier B | C18: 2 | D18: 541.44231 | E18: 0.92238184 | F18: =IF(E18>=TargetOnTime,"Meets","Below target") -> Below target | G18: 0.75938613 | H18: 87.647984
A19: CARR-C | B19: Carrier C | C19: 2 | D19: 531.51923 | E19: 0.9691358 | F19: =IF(E19>=TargetOnTime,"Meets","Below target") -> Meets | G19: 0.76643004 | H19: 83.861509
A20: CARR-D | B20: Carrier D | C20: 2 | D20: 507.61538 | E20: 0.95093688 | F20: =IF(E20>=TargetOnTime,"Meets","Below target") -> Meets | G20: 0.76333141 | H20: 74.220251

Sheet Volume Forecast
A1: Volume Forecast by Lane
A2: Columns I to N are formulas: trailers = pallets / (pallets per trailer x lane fill rate), rounded up.
A4: Week ending | B4: Pool point | C4: City | D4: Carrier | E4: Forecast pallets | F4: Low (P10) | G4: High (P80) | H4: New store pallets | I4: Lane fill rate | J4: Trailers (forecast) | K4: Trailers (high) | L4: Contracted trailers | M4: Extra trailers needed | N4: Capacity status
A5: 46235 | B5: PP01 | C5: Albany | D5: CARR-A | E5: 240.5 | F5: 225.9 | G5: 246.5 | H5: 0 | I5: =INDEX('Pool Points'!$J:$J,MATCH(B5,'Pool Points'!$A:$A,0)) -> 0.7383 | J5: =ROUNDUP(E5/(PalletsPerTrailer*I5),0) -> 13 | K5: =ROUNDUP(G5/(PalletsPerTrailer*I5),0) -> 13 | L5: =INDEX('Pool Points'!$I:$I,MATCH(B5,'Pool Points'!$A:$A,0)) -> 15 | M5: =MAX(0,K5-L5) -> 0 | N5: =IF(J5>L5,"Over capacity",IF(K5>L5,"At risk","Covered")) -> Covered
A6: 46235 | B6: PP02 | C6: Hartford | D6: CARR-A | E6: 249.5 | F6: 234.3 | G6: 255.6 | H6: 0 | I6: =INDEX('Pool Points'!$J:$J,MATCH(B6,'Pool Points'!$A:$A,0)) -> 0.7916 | J6: =ROUNDUP(E6/(PalletsPerTrailer*I6),0) -> 13 | K6: =ROUNDUP(G6/(PalletsPerTrailer*I6),0) -> 13 | L6: =INDEX('Pool Points'!$I:$I,MATCH(B6,'Pool Points'!$A:$A,0)) -> 15 | M6: =MAX(0,K6-L6) -> 0 | N6: =IF(J6>L6,"Over capacity",IF(K6>L6,"At risk","Covered")) -> Covered
A7: 46235 | B7: PP03 | C7: Worcester | D7: CARR-B | E7: 329.3 | F7: 309.3 | G7: 337.4 | H7: 0 | I7: =INDEX('Pool Points'!$J:$J,MATCH(B7,'Pool Points'!$A:$A,0)) -> 0.8047 | J7: =ROUNDUP(E7/(PalletsPerTrailer*I7),0) -> 16 | K7: =ROUNDUP(G7/(PalletsPerTrailer*I7),0) -> 17 | L7: =INDEX('Pool Points'!$I:$I,MATCH(B7,'Pool Points'!$A:$A,0)) -> 18 | M7: =MAX(0,K7-L7) -> 0 | N7: =IF(J7>L7,"Over capacity",IF(K7>L7,"At risk","Covered")) -> Covered
A8: 46235 | B8: PP04 | C8: Harrisburg | D8: CARR-C | E8: 236.1 | F8: 221.7 | G8: 241.9 | H8: 0 | I8: =INDEX('Pool Points'!$J:$J,MATCH(B8,'Pool Points'!$A:$A,0)) -> 0.7449 | J8: =ROUNDUP(E8/(PalletsPerTrailer*I8),0) -> 13 | K8: =ROUNDUP(G8/(PalletsPerTrailer*I8),0) -> 13 | L8: =INDEX('Pool Points'!$I:$I,MATCH(B8,'Pool Points'!$A:$A,0)) -> 15 | M8: =MAX(0,K8-L8) -> 0 | N8: =IF(J8>L8,"Over capacity",IF(K8>L8,"At risk","Covered")) -> Covered
A9: 46235 | B9: PP05 | C9: Pittsburgh | D9: CARR-C | E9: 314.9 | F9: 295.7 | G9: 322.6 | H9: 0 | I9: =INDEX('Pool Points'!$J:$J,MATCH(B9,'Pool Points'!$A:$A,0)) -> 0.7837 | J9: =ROUNDUP(E9/(PalletsPerTrailer*I9),0) -> 16 | K9: =ROUNDUP(G9/(PalletsPerTrailer*I9),0) -> 16 | L9: =INDEX('Pool Points'!$I:$I,MATCH(B9,'Pool Points'!$A:$A,0)) -> 17 | M9: =MAX(0,K9-L9) -> 0 | N9: =IF(J9>L9,"Over capacity",IF(K9>L9,"At risk","Covered")) -> Covered
A10: 46235 | B10: PP06 | C10: Baltimore | D10: CARR-D | E10: 281.1 | F10: 264 | G10: 288.1 | H10: 0 | I10: =INDEX('Pool Points'!$J:$J,MATCH(B10,'Pool Points'!$A:$A,0)) -> 0.7689 | J10: =ROUNDUP(E10/(PalletsPerTrailer*I10),0) -> 15 | K10: =ROUNDUP(G10/(PalletsPerTrailer*I10),0) -> 15 | L10: =INDEX('Pool Points'!$I:$I,MATCH(B10,'Pool Points'!$A:$A,0)) -> 17 | M10: =MAX(0,K10-L10) -> 0 | N10: =IF(J10>L10,"Over capacity",IF(K10>L10,"At risk","Covered")) -> Covered
A11: 46235 | B11: PP07 | C11: Richmond | D11: CARR-D | E11: 237.9 | F11: 223.4 | G11: 243.7 | H11: 0 | I11: =INDEX('Pool Points'!$J:$J,MATCH(B11,'Pool Points'!$A:$A,0)) -> 0.7566 | J11: =ROUNDUP(E11/(PalletsPerTrailer*I11),0) -> 13 | K11: =ROUNDUP(G11/(PalletsPerTrailer*I11),0) -> 13 | L11: =INDEX('Pool Points'!$I:$I,MATCH(B11,'Pool Points'!$A:$A,0)) -> 13 | M11: =MAX(0,K11-L11) -> 0 | N11: =IF(J11>L11,"Over capacity",IF(K11>L11,"At risk","Covered")) -> Covered
A12: 46235 | B12: PP08 | C12: Syracuse | D12: CARR-B | E12: 228.8 | F12: 214.9 | G12: 234.4 | H12: 0 | I12: =INDEX('Pool Points'!$J:$J,MATCH(B12,'Pool Points'!$A:$A,0)) -> 0.7006 | J12: =ROUNDUP(E12/(PalletsPerTrailer*I12),0) -> 13 | K12: =ROUNDUP(G12/(PalletsPerTrailer*I12),0) -> 13 | L12: =INDEX('Pool Points'!$I:$I,MATCH(B12,'Pool Points'!$A:$A,0)) -> 13 | M12: =MAX(0,K12-L12) -> 0 | N12: =IF(J12>L12,"Over capacity",IF(K12>L12,"At risk","Covered")) -> Covered
A13: 46242 | B13: PP01 | C13: Albany | D13: CARR-A | E13: 253.3 | F13: 237.9 | G13: 259.5 | H13: 0 | I13: =INDEX('Pool Points'!$J:$J,MATCH(B13,'Pool Points'!$A:$A,0)) -> 0.7383 | J13: =ROUNDUP(E13/(PalletsPerTrailer*I13),0) -> 14 | K13: =ROUNDUP(G13/(PalletsPerTrailer*I13),0) -> 14 | L13: =INDEX('Pool Points'!$I:$I,MATCH(B13,'Pool Points'!$A:$A,0)) -> 15 | M13: =MAX(0,K13-L13) -> 0 | N13: =IF(J13>L13,"Over capacity",IF(K13>L13,"At risk","Covered")) -> Covered
A14: 46242 | B14: PP02 | C14: Hartford | D14: CARR-A | E14: 248.2 | F14: 233.1 | G14: 254.4 | H14: 0 | I14: =INDEX('Pool Points'!$J:$J,MATCH(B14,'Pool Points'!$A:$A,0)) -> 0.7916 | J14: =ROUNDUP(E14/(PalletsPerTrailer*I14),0) -> 13 | K14: =ROUNDUP(G14/(PalletsPerTrailer*I14),0) -> 13 | L14: =INDEX('Pool Points'!$I:$I,MATCH(B14,'Pool Points'!$A:$A,0)) -> 15 | M14: =MAX(0,K14-L14) -> 0 | N14: =IF(J14>L14,"Over capacity",IF(K14>L14,"At risk","Covered")) -> Covered
A15: 46242 | B15: PP03 | C15: Worcester | D15: CARR-B | E15: 331.1 | F15: 310.9 | G15: 339.2 | H15: 0 | I15: =INDEX('Pool Points'!$J:$J,MATCH(B15,'Pool Points'!$A:$A,0)) -> 0.8047 | J15: =ROUNDUP(E15/(PalletsPerTrailer*I15),0) -> 16 | K15: =ROUNDUP(G15/(PalletsPerTrailer*I15),0) -> 17 | L15: =INDEX('Pool Points'!$I:$I,MATCH(B15,'Pool Points'!$A:$A,0)) -> 18 | M15: =MAX(0,K15-L15) -> 0 | N15: =IF(J15>L15,"Over capacity",IF(K15>L15,"At risk","Covered")) -> Covered
A16: 46242 | B16: PP04 | C16: Harrisburg | D16: CARR-C | E16: 239.1 | F16: 224.5 | G16: 245 | H16: 0 | I16: =INDEX('Pool Points'!$J:$J,MATCH(B16,'Pool Points'!$A:$A,0)) -> 0.7449 | J16: =ROUNDUP(E16/(PalletsPerTrailer*I16),0) -> 13 | K16: =ROUNDUP(G16/(PalletsPerTrailer*I16),0) -> 13 | L16: =INDEX('Pool Points'!$I:$I,MATCH(B16,'Pool Points'!$A:$A,0)) -> 15 | M16: =MAX(0,K16-L16) -> 0 | N16: =IF(J16>L16,"Over capacity",IF(K16>L16,"At risk","Covered")) -> Covered
... A212: 46410 | B212: PP08 | C212: Syracuse | D212: CARR-B | E212: 184.9 | F212: 173.7 | G212: 189.5 | H212: 0 | I212: =INDEX('Pool Points'!$J:$J,MATCH(B212,'Pool Points'!$A:$A,0)) -> 0.7006 | J212: =ROUNDUP(E212/(PalletsPerTrailer*I212),0) -> 11 | K212: =ROUNDUP(G212/(PalletsPerTrailer*I212),0) -> 11 | L212: =INDEX('Pool Points'!$I:$I,MATCH(B212,'Pool Points'!$A:$A,0)) -> 13 | M212: =MAX(0,K212-L212) -> 0 | N212: =IF(J212>L212,"Over capacity",IF(K212>L212,"At risk","Covered")) -> Covered

Sheet Forecast Matrix
A1: Forecast Matrix
A2: Forecast pallets by pool point and week (SUMIFS over the Volume Forecast sheet).
A4: Pool point | B4: City | C4: 46235 | D4: 46242 | E4: 46249 | F4: 46256 | G4: 46263 | H4: 46270 | I4: 46277 | J4: 46284 | K4: 46291 | L4: 46298 | M4: 46305 | N4: 46312 | O4: 46319 | P4: 46326 | Q4: 46333 | R4: 46340 | S4: 46347 | T4: 46354 | U4: 46361 | V4: 46368 | W4: 46375 | X4: 46382 | Y4: 46389 | Z4: 46396 | AA4: 46403 | AB4: 46410
A5: PP01 | B5: Albany | C5: =SUMIFS('Volume Forecast'!$E$5:$E$212,'Volume Forecast'!$B$5:$B$212,$A5,'Volume Forecast'!$A$5:$A$212,C$4) -> 240.5 | D5: =SUMIFS('Volume Forecast'!$E$5:$E$212,'Volume Forecast'!$B$5:$B$212,$A5,'Volume Forecast'!$A$5:$A$212,D$4) -> 253.3 | E5: =SUMIFS('Volume Forecast'!$E$5:$E$212,'Volume Forecast'!$B$5:$B$212,$A5,'Volume Forecast'!$A$5:$A$212,E$4) -> 236.6 | F5: =SUMIFS('Volume Forecast'!$E$5:$E$212,'Volume Forecast'!$B$5:$B$212,$A5,'Volume Forecast'!$A$5:$A$212,F$4) -> 236 | G5: =SUMIFS('Volume Forecast'!$E$5:$E$212,'Volume Forecast'!$B$5:$B$212,$A5,'Volume Forecast'!$A$5:$A$212,G$4) -> 230.6 | H5: =SUMIFS('Volume Forecast'!$E$5:$E$212,'Volume Forecast'!$B$5:$B$212,$A5,'Volume Forecast'!$A$5:$A$212,H$4) -> 228.7 | I5: =SUMIFS('Volume Forecast'!$E$5:$E$212,'Volume Forecast'!$B$5:$B$212,$A5,'Volume Forecast'!$A$5:$A$212,I$4) -> 226.8 | J5: =SUMIFS('Volume Forecast'!$E$5:$E$212,'Volume Forecast'!$B$5:$B$212,$A5,'Volume Forecast'!$A$5:$A$212,J$4) -> 228.4 | ... AB5: =SUMIFS('Volume Forecast'!$E$5:$E$212,'Volume Forecast'!$B$5:$B$212,$A5,'Volume Forecast'!$A$5:$A$212,AB$4) -> 197
A6: PP02 | B6: Hartford | C6: =SUMIFS('Volume Forecast'!$E$5:$E$212,'Volume Forecast'!$B$5:$B$212,$A6,'Volume Forecast'!$A$5:$A$212,C$4) -> 249.5 | D6: =SUMIFS('Volume Forecast'!$E$5:$E$212,'Volume Forecast'!$B$5:$B$212,$A6,'Volume Forecast'!$A$5:$A$212,D$4) -> 248.2 | E6: =SUMIFS('Volume Forecast'!$E$5:$E$212,'Volume Forecast'!$B$5:$B$212,$A6,'Volume Forecast'!$A$5:$A$212,E$4) -> 246.4 | F6: =SUMIFS('Volume Forecast'!$E$5:$E$212,'Volume Forecast'!$B$5:$B$212,$A6,'Volume Forecast'!$A$5:$A$212,F$4) -> 241.8 | G6: =SUMIFS('Volume Forecast'!$E$5:$E$212,'Volume Forecast'!$B$5:$B$212,$A6,'Volume Forecast'!$A$5:$A$212,G$4) -> 232.7 | H6: =SUMIFS('Volume Forecast'!$E$5:$E$212,'Volume Forecast'!$B$5:$B$212,$A6,'Volume Forecast'!$A$5:$A$212,H$4) -> 231.8 | I6: =SUMIFS('Volume Forecast'!$E$5:$E$212,'Volume Forecast'!$B$5:$B$212,$A6,'Volume Forecast'!$A$5:$A$212,I$4) -> 220.8 | J6: =SUMIFS('Volume Forecast'!$E$5:$E$212,'Volume Forecast'!$B$5:$B$212,$A6,'Volume Forecast'!$A$5:$A$212,J$4) -> 221 | ... AB6: =SUMIFS('Volume Forecast'!$E$5:$E$212,'Volume Forecast'!$B$5:$B$212,$A6,'Volume Forecast'!$A$5:$A$212,AB$4) -> 196.7
A7: PP03 | B7: Worcester | C7: =SUMIFS('Volume Forecast'!$E$5:$E$212,'Volume Forecast'!$B$5:$B$212,$A7,'Volume Forecast'!$A$5:$A$212,C$4) -> 329.3 | D7: =SUMIFS('Volume Forecast'!$E$5:$E$212,'Volume Forecast'!$B$5:$B$212,$A7,'Volume Forecast'!$A$5:$A$212,D$4) -> 331.1 | E7: =SUMIFS('Volume Forecast'!$E$5:$E$212,'Volume Forecast'!$B$5:$B$212,$A7,'Volume Forecast'!$A$5:$A$212,E$4) -> 328.7 | F7: =SUMIFS('Volume Forecast'!$E$5:$E$212,'Volume Forecast'!$B$5:$B$212,$A7,'Volume Forecast'!$A$5:$A$212,F$4) -> 321.2 | G7: =SUMIFS('Volume Forecast'!$E$5:$E$212,'Volume Forecast'!$B$5:$B$212,$A7,'Volume Forecast'!$A$5:$A$212,G$4) -> 313.6 | H7: =SUMIFS('Volume Forecast'!$E$5:$E$212,'Volume Forecast'!$B$5:$B$212,$A7,'Volume Forecast'!$A$5:$A$212,H$4) -> 296 | I7: =SUMIFS('Volume Forecast'!$E$5:$E$212,'Volume Forecast'!$B$5:$B$212,$A7,'Volume Forecast'!$A$5:$A$212,I$4) -> 287.9 | J7: =SUMIFS('Volume Forecast'!$E$5:$E$212,'Volume Forecast'!$B$5:$B$212,$A7,'Volume Forecast'!$A$5:$A$212,J$4) -> 305.4 | ... AB7: =SUMIFS('Volume Forecast'!$E$5:$E$212,'Volume Forecast'!$B$5:$B$212,$A7,'Volume Forecast'!$A$5:$A$212,AB$4) -> 262.3
A8: PP04 | B8: Harrisburg | C8: =SUMIFS('Volume Forecast'!$E$5:$E$212,'Volume Forecast'!$B$5:$B$212,$A8,'Volume Forecast'!$A$5:$A$212,C$4) -> 236.1 | D8: =SUMIFS('Volume Forecast'!$E$5:$E$212,'Volume Forecast'!$B$5:$B$212,$A8,'Volume Forecast'!$A$5:$A$212,D$4) -> 239.1 | E8: =SUMIFS('Volume Forecast'!$E$5:$E$212,'Volume Forecast'!$B$5:$B$212,$A8,'Volume Forecast'!$A$5:$A$212,E$4) -> 236.5 | F8: =SUMIFS('Volume Forecast'!$E$5:$E$212,'Volume Forecast'!$B$5:$B$212,$A8,'Volume Forecast'!$A$5:$A$212,F$4) -> 231.2 | G8: =SUMIFS('Volume Forecast'!$E$5:$E$212,'Volume Forecast'!$B$5:$B$212,$A8,'Volume Forecast'!$A$5:$A$212,G$4) -> 224.4 | H8: =SUMIFS('Volume Forecast'!$E$5:$E$212,'Volume Forecast'!$B$5:$B$212,$A8,'Volume Forecast'!$A$5:$A$212,H$4) -> 217.1 | I8: =SUMIFS('Volume Forecast'!$E$5:$E$212,'Volume Forecast'!$B$5:$B$212,$A8,'Volume Forecast'!$A$5:$A$212,I$4) -> 221.1 | J8: =SUMIFS('Volume Forecast'!$E$5:$E$212,'Volume Forecast'!$B$5:$B$212,$A8,'Volume Forecast'!$A$5:$A$212,J$4) -> 220.4 | ... AB8: =SUMIFS('Volume Forecast'!$E$5:$E$212,'Volume Forecast'!$B$5:$B$212,$A8,'Volume Forecast'!$A$5:$A$212,AB$4) -> 203.5
A9: PP05 | B9: Pittsburgh | C9: =SUMIFS('Volume Forecast'!$E$5:$E$212,'Volume Forecast'!$B$5:$B$212,$A9,'Volume Forecast'!$A$5:$A$212,C$4) -> 314.9 | D9: =SUMIFS('Volume Forecast'!$E$5:$E$212,'Volume Forecast'!$B$5:$B$212,$A9,'Volume Forecast'!$A$5:$A$212,D$4) -> 306.7 | E9: =SUMIFS('Volume Forecast'!$E$5:$E$212,'Volume Forecast'!$B$5:$B$212,$A9,'Volume Forecast'!$A$5:$A$212,E$4) -> 306.2 | F9: =SUMIFS('Volume Forecast'!$E$5:$E$212,'Volume Forecast'!$B$5:$B$212,$A9,'Volume Forecast'!$A$5:$A$212,F$4) -> 296.8 | G9: =SUMIFS('Volume Forecast'!$E$5:$E$212,'Volume Forecast'!$B$5:$B$212,$A9,'Volume Forecast'!$A$5:$A$212,G$4) -> 281.5 | H9: =SUMIFS('Volume Forecast'!$E$5:$E$212,'Volume Forecast'!$B$5:$B$212,$A9,'Volume Forecast'!$A$5:$A$212,H$4) -> 280.8 | I9: =SUMIFS('Volume Forecast'!$E$5:$E$212,'Volume Forecast'!$B$5:$B$212,$A9,'Volume Forecast'!$A$5:$A$212,I$4) -> 277.6 | J9: =SUMIFS('Volume Forecast'!$E$5:$E$212,'Volume Forecast'!$B$5:$B$212,$A9,'Volume Forecast'!$A$5:$A$212,J$4) -> 279.8 | ... AB9: =SUMIFS('Volume Forecast'!$E$5:$E$212,'Volume Forecast'!$B$5:$B$212,$A9,'Volume Forecast'!$A$5:$A$212,AB$4) -> 251.5
A10: PP06 | B10: Baltimore | C10: =SUMIFS('Volume Forecast'!$E$5:$E$212,'Volume Forecast'!$B$5:$B$212,$A10,'Volume Forecast'!$A$5:$A$212,C$4) -> 281.1 | D10: =SUMIFS('Volume Forecast'!$E$5:$E$212,'Volume Forecast'!$B$5:$B$212,$A10,'Volume Forecast'!$A$5:$A$212,D$4) -> 288.3 | E10: =SUMIFS('Volume Forecast'!$E$5:$E$212,'Volume Forecast'!$B$5:$B$212,$A10,'Volume Forecast'!$A$5:$A$212,E$4) -> 289.8 | F10: =SUMIFS('Volume Forecast'!$E$5:$E$212,'Volume Forecast'!$B$5:$B$212,$A10,'Volume Forecast'!$A$5:$A$212,F$4) -> 274.7 | G10: =SUMIFS('Volume Forecast'!$E$5:$E$212,'Volume Forecast'!$B$5:$B$212,$A10,'Volume Forecast'!$A$5:$A$212,G$4) -> 271.8 | H10: =SUMIFS('Volume Forecast'!$E$5:$E$212,'Volume Forecast'!$B$5:$B$212,$A10,'Volume Forecast'!$A$5:$A$212,H$4) -> 261.8 | I10: =SUMIFS('Volume Forecast'!$E$5:$E$212,'Volume Forecast'!$B$5:$B$212,$A10,'Volume Forecast'!$A$5:$A$212,I$4) -> 255.7 | J10: =SUMIFS('Volume Forecast'!$E$5:$E$212,'Volume Forecast'!$B$5:$B$212,$A10,'Volume Forecast'!$A$5:$A$212,J$4) -> 266.7 | ... AB10: =SUMIFS('Volume Forecast'!$E$5:$E$212,'Volume Forecast'!$B$5:$B$212,$A10,'Volume Forecast'!$A$5:$A$212,AB$4) -> 229.9
A11: PP07 | B11: Richmond | C11: =SUMIFS('Volume Forecast'!$E$5:$E$212,'Volume Forecast'!$B$5:$B$212,$A11,'Volume Forecast'!$A$5:$A$212,C$4) -> 237.9 | D11: =SUMIFS('Volume Forecast'!$E$5:$E$212,'Volume Forecast'!$B$5:$B$212,$A11,'Volume Forecast'!$A$5:$A$212,D$4) -> 241.6 | E11: =SUMIFS('Volume Forecast'!$E$5:$E$212,'Volume Forecast'!$B$5:$B$212,$A11,'Volume Forecast'!$A$5:$A$212,E$4) -> 237.3 | F11: =SUMIFS('Volume Forecast'!$E$5:$E$212,'Volume Forecast'!$B$5:$B$212,$A11,'Volume Forecast'!$A$5:$A$212,F$4) -> 230.6 | G11: =SUMIFS('Volume Forecast'!$E$5:$E$212,'Volume Forecast'!$B$5:$B$212,$A11,'Volume Forecast'!$A$5:$A$212,G$4) -> 222.1 | H11: =SUMIFS('Volume Forecast'!$E$5:$E$212,'Volume Forecast'!$B$5:$B$212,$A11,'Volume Forecast'!$A$5:$A$212,H$4) -> 220.9 | I11: =SUMIFS('Volume Forecast'!$E$5:$E$212,'Volume Forecast'!$B$5:$B$212,$A11,'Volume Forecast'!$A$5:$A$212,I$4) -> 219.8 | J11: =SUMIFS('Volume Forecast'!$E$5:$E$212,'Volume Forecast'!$B$5:$B$212,$A11,'Volume Forecast'!$A$5:$A$212,J$4) -> 220 | ... AB11: =SUMIFS('Volume Forecast'!$E$5:$E$212,'Volume Forecast'!$B$5:$B$212,$A11,'Volume Forecast'!$A$5:$A$212,AB$4) -> 207.9
A12: PP08 | B12: Syracuse | C12: =SUMIFS('Volume Forecast'!$E$5:$E$212,'Volume Forecast'!$B$5:$B$212,$A12,'Volume Forecast'!$A$5:$A$212,C$4) -> 228.8 | D12: =SUMIFS('Volume Forecast'!$E$5:$E$212,'Volume Forecast'!$B$5:$B$212,$A12,'Volume Forecast'!$A$5:$A$212,D$4) -> 226.1 | E12: =SUMIFS('Volume Forecast'!$E$5:$E$212,'Volume Forecast'!$B$5:$B$212,$A12,'Volume Forecast'!$A$5:$A$212,E$4) -> 218.8 | F12: =SUMIFS('Volume Forecast'!$E$5:$E$212,'Volume Forecast'!$B$5:$B$212,$A12,'Volume Forecast'!$A$5:$A$212,F$4) -> 221.8 | G12: =SUMIFS('Volume Forecast'!$E$5:$E$212,'Volume Forecast'!$B$5:$B$212,$A12,'Volume Forecast'!$A$5:$A$212,G$4) -> 211.7 | H12: =SUMIFS('Volume Forecast'!$E$5:$E$212,'Volume Forecast'!$B$5:$B$212,$A12,'Volume Forecast'!$A$5:$A$212,H$4) -> 206.3 | I12: =SUMIFS('Volume Forecast'!$E$5:$E$212,'Volume Forecast'!$B$5:$B$212,$A12,'Volume Forecast'!$A$5:$A$212,I$4) -> 202.3 | J12: =SUMIFS('Volume Forecast'!$E$5:$E$212,'Volume Forecast'!$B$5:$B$212,$A12,'Volume Forecast'!$A$5:$A$212,J$4) -> 204.6 | ... AB12: =SUMIFS('Volume Forecast'!$E$5:$E$212,'Volume Forecast'!$B$5:$B$212,$A12,'Volume Forecast'!$A$5:$A$212,AB$4) -> 184.9
A13: Network | C13: =SUM(C5:C12) -> 2118.1 | D13: =SUM(D5:D12) -> 2134.4 | E13: =SUM(E5:E12) -> 2100.3 | F13: =SUM(F5:F12) -> 2054.1 | G13: =SUM(G5:G12) -> 1988.4 | H13: =SUM(H5:H12) -> 1943.4 | I13: =SUM(I5:I12) -> 1912 | J13: =SUM(J5:J12) -> 1946.3 | ... AB13: =SUM(AB5:AB12) -> 1733.7

Sheet Carrier Outlook
A1: Carrier Outlook
A2: Surge trailers to request from each carrier (high case vs. contract). Formulas sum the Volume Forecast sheet.
A4: Summary
A5: Carrier ID | B5: Carrier name | C5: Lanes | D5: Contracted trailers | E5: Avg forecast trailers | F5: Peak trailers high | G5: Surge weeks | H5: Max extra trailers | I5: Peak week
A6: CARR-A | B6: Carrier A | C6: 2 | D6: 30 | E6: 26.769231 | F6: 39 | G6: 6 | H6: 9 | I6: 46361
A7: CARR-B | B7: Carrier B | C7: 2 | D7: 31 | E7: 30.307692 | F7: 43 | G7: 10 | H7: 12 | I7: 46361
A8: CARR-C | B8: Carrier C | C8: 2 | D8: 32 | E8: 30.153846 | F8: 43 | G8: 8 | H8: 11 | I8: 46361
A9: CARR-D | B9: Carrier D | C9: 2 | D9: 30 | E9: 29.038462 | F9: 42 | G9: 10 | H9: 12 | I9: 46361
A11: Extra trailers needed by week (high case)
A12: Carrier | B12: Name | C12: 46235 | D12: 46242 | E12: 46249 | F12: 46256 | G12: 46263 | H12: 46270 | I12: 46277 | J12: 46284 | K12: 46291 | L12: 46298 | M12: 46305 | N12: 46312 | O12: 46319 | P12: 46326 | Q12: 46333 | R12: 46340 | S12: 46347 | T12: 46354 | U12: 46361 | V12: 46368 | W12: 46375 | X12: 46382 | Y12: 46389 | Z12: 46396 | AA12: 46403 | AB12: 46410
A13: CARR-A | B13: Carrier A | C13: =SUMIFS('Volume Forecast'!$M$5:$M$212,'Volume Forecast'!$D$5:$D$212,$A13,'Volume Forecast'!$A$5:$A$212,C$12) -> 0 | D13: =SUMIFS('Volume Forecast'!$M$5:$M$212,'Volume Forecast'!$D$5:$D$212,$A13,'Volume Forecast'!$A$5:$A$212,D$12) -> 0 | E13: =SUMIFS('Volume Forecast'!$M$5:$M$212,'Volume Forecast'!$D$5:$D$212,$A13,'Volume Forecast'!$A$5:$A$212,E$12) -> 0 | F13: =SUMIFS('Volume Forecast'!$M$5:$M$212,'Volume Forecast'!$D$5:$D$212,$A13,'Volume Forecast'!$A$5:$A$212,F$12) -> 0 | G13: =SUMIFS('Volume Forecast'!$M$5:$M$212,'Volume Forecast'!$D$5:$D$212,$A13,'Volume Forecast'!$A$5:$A$212,G$12) -> 0 | H13: =SUMIFS('Volume Forecast'!$M$5:$M$212,'Volume Forecast'!$D$5:$D$212,$A13,'Volume Forecast'!$A$5:$A$212,H$12) -> 0 | I13: =SUMIFS('Volume Forecast'!$M$5:$M$212,'Volume Forecast'!$D$5:$D$212,$A13,'Volume Forecast'!$A$5:$A$212,I$12) -> 0 | J13: =SUMIFS('Volume Forecast'!$M$5:$M$212,'Volume Forecast'!$D$5:$D$212,$A13,'Volume Forecast'!$A$5:$A$212,J$12) -> 0 | ... AB13: =SUMIFS('Volume Forecast'!$M$5:$M$212,'Volume Forecast'!$D$5:$D$212,$A13,'Volume Forecast'!$A$5:$A$212,AB$12) -> 0
A14: CARR-B | B14: Carrier B | C14: =SUMIFS('Volume Forecast'!$M$5:$M$212,'Volume Forecast'!$D$5:$D$212,$A14,'Volume Forecast'!$A$5:$A$212,C$12) -> 0 | D14: =SUMIFS('Volume Forecast'!$M$5:$M$212,'Volume Forecast'!$D$5:$D$212,$A14,'Volume Forecast'!$A$5:$A$212,D$12) -> 0 | E14: =SUMIFS('Volume Forecast'!$M$5:$M$212,'Volume Forecast'!$D$5:$D$212,$A14,'Volume Forecast'!$A$5:$A$212,E$12) -> 0 | F14: =SUMIFS('Volume Forecast'!$M$5:$M$212,'Volume Forecast'!$D$5:$D$212,$A14,'Volume Forecast'!$A$5:$A$212,F$12) -> 0 | G14: =SUMIFS('Volume Forecast'!$M$5:$M$212,'Volume Forecast'!$D$5:$D$212,$A14,'Volume Forecast'!$A$5:$A$212,G$12) -> 0 | H14: =SUMIFS('Volume Forecast'!$M$5:$M$212,'Volume Forecast'!$D$5:$D$212,$A14,'Volume Forecast'!$A$5:$A$212,H$12) -> 0 | I14: =SUMIFS('Volume Forecast'!$M$5:$M$212,'Volume Forecast'!$D$5:$D$212,$A14,'Volume Forecast'!$A$5:$A$212,I$12) -> 0 | J14: =SUMIFS('Volume Forecast'!$M$5:$M$212,'Volume Forecast'!$D$5:$D$212,$A14,'Volume Forecast'!$A$5:$A$212,J$12) -> 0 | ... AB14: =SUMIFS('Volume Forecast'!$M$5:$M$212,'Volume Forecast'!$D$5:$D$212,$A14,'Volume Forecast'!$A$5:$A$212,AB$12) -> 0
A15: CARR-C | B15: Carrier C | C15: =SUMIFS('Volume Forecast'!$M$5:$M$212,'Volume Forecast'!$D$5:$D$212,$A15,'Volume Forecast'!$A$5:$A$212,C$12) -> 0 | D15: =SUMIFS('Volume Forecast'!$M$5:$M$212,'Volume Forecast'!$D$5:$D$212,$A15,'Volume Forecast'!$A$5:$A$212,D$12) -> 0 | E15: =SUMIFS('Volume Forecast'!$M$5:$M$212,'Volume Forecast'!$D$5:$D$212,$A15,'Volume Forecast'!$A$5:$A$212,E$12) -> 0 | F15: =SUMIFS('Volume Forecast'!$M$5:$M$212,'Volume Forecast'!$D$5:$D$212,$A15,'Volume Forecast'!$A$5:$A$212,F$12) -> 0 | G15: =SUMIFS('Volume Forecast'!$M$5:$M$212,'Volume Forecast'!$D$5:$D$212,$A15,'Volume Forecast'!$A$5:$A$212,G$12) -> 0 | H15: =SUMIFS('Volume Forecast'!$M$5:$M$212,'Volume Forecast'!$D$5:$D$212,$A15,'Volume Forecast'!$A$5:$A$212,H$12) -> 0 | I15: =SUMIFS('Volume Forecast'!$M$5:$M$212,'Volume Forecast'!$D$5:$D$212,$A15,'Volume Forecast'!$A$5:$A$212,I$12) -> 0 | J15: =SUMIFS('Volume Forecast'!$M$5:$M$212,'Volume Forecast'!$D$5:$D$212,$A15,'Volume Forecast'!$A$5:$A$212,J$12) -> 0 | ... AB15: =SUMIFS('Volume Forecast'!$M$5:$M$212,'Volume Forecast'!$D$5:$D$212,$A15,'Volume Forecast'!$A$5:$A$212,AB$12) -> 0
A16: CARR-D | B16: Carrier D | C16: =SUMIFS('Volume Forecast'!$M$5:$M$212,'Volume Forecast'!$D$5:$D$212,$A16,'Volume Forecast'!$A$5:$A$212,C$12) -> 0 | D16: =SUMIFS('Volume Forecast'!$M$5:$M$212,'Volume Forecast'!$D$5:$D$212,$A16,'Volume Forecast'!$A$5:$A$212,D$12) -> 0 | E16: =SUMIFS('Volume Forecast'!$M$5:$M$212,'Volume Forecast'!$D$5:$D$212,$A16,'Volume Forecast'!$A$5:$A$212,E$12) -> 0 | F16: =SUMIFS('Volume Forecast'!$M$5:$M$212,'Volume Forecast'!$D$5:$D$212,$A16,'Volume Forecast'!$A$5:$A$212,F$12) -> 0 | G16: =SUMIFS('Volume Forecast'!$M$5:$M$212,'Volume Forecast'!$D$5:$D$212,$A16,'Volume Forecast'!$A$5:$A$212,G$12) -> 0 | H16: =SUMIFS('Volume Forecast'!$M$5:$M$212,'Volume Forecast'!$D$5:$D$212,$A16,'Volume Forecast'!$A$5:$A$212,H$12) -> 0 | I16: =SUMIFS('Volume Forecast'!$M$5:$M$212,'Volume Forecast'!$D$5:$D$212,$A16,'Volume Forecast'!$A$5:$A$212,I$12) -> 0 | J16: =SUMIFS('Volume Forecast'!$M$5:$M$212,'Volume Forecast'!$D$5:$D$212,$A16,'Volume Forecast'!$A$5:$A$212,J$12) -> 0 | ... AB16: =SUMIFS('Volume Forecast'!$M$5:$M$212,'Volume Forecast'!$D$5:$D$212,$A16,'Volume Forecast'!$A$5:$A$212,AB$12) -> 0
A18: Outlook notes to send carriers
A19: Forecast window: weeks ending Aug 01, 2026 to Jan 23, 2027.
A20: Trailer counts use each lane's trailing 52-week fill rate. The high case is the 80th percentile of backtest error.
A21: Carrier A (Albany, Hartford)
A22: Contracted capacity: 30 trailers per week across these lanes.
A23: Average forecast: 27 trailers per week, 514 pallets per week.
A24: Peak week: Dec 05, with 37 trailers forecast and up to 39 in the high case.
A25: Surge capacity needed in 6 weeks, from Nov 14 to Dec 19. Largest request: 9 extra trailers in one week.
A26: Carrier B (Worcester, Syracuse)
A27: Contracted capacity: 31 trailers per week across these lanes.
A28: Average forecast: 30 trailers per week, 578 pallets per week.
A29: Peak week: Dec 05, with 42 trailers forecast and up to 43 in the high case.
... A40: Surge capacity needed in 10 weeks, from Oct 24 to Dec 26. Largest request: 12 extra trailers in one week.

Sheet Store Visibility
A1: Store Visibility Report
A2: One row per store. Carrier, next-4-week volume, and status are formulas.
H3: Week ending: | I3: 46235 | J3: 46242 | K3: 46249 | L3: 46256
A4: Store | B4: Pool point | C4: Market | D4: Carrier | E4: Size | F4: Delivery days | G4: Pallet max | H4: Open date | I4: Wk Aug 01 | J4: Wk Aug 08 | K4: Wk Aug 15 | L4: Wk Aug 22 | M4: Peak wk forecast | N4: Peak wk planned | O4: Peak wk backlog | P4: Status
A5: S1001 | B5: PP01 | C5: Albany | D5: =INDEX('Pool Points'!$E:$E,MATCH(B5,'Pool Points'!$A:$A,0)) -> CARR-A | E5: Large | F5: Tue/Thu/Fri/Sat | G5: 7 | H5: 42005 | I5: =SUMIFS('Store Forecast'!$D$5:$D$3540,'Store Forecast'!$C$5:$C$3540,$A5,'Store Forecast'!$A$5:$A$3540,I$3) -> 25.8 | J5: =SUMIFS('Store Forecast'!$D$5:$D$3540,'Store Forecast'!$C$5:$C$3540,$A5,'Store Forecast'!$A$5:$A$3540,J$3) -> 27.2 | K5: =SUMIFS('Store Forecast'!$D$5:$D$3540,'Store Forecast'!$C$5:$C$3540,$A5,'Store Forecast'!$A$5:$A$3540,K$3) -> 25.4 | L5: =SUMIFS('Store Forecast'!$D$5:$D$3540,'Store Forecast'!$C$5:$C$3540,$A5,'Store Forecast'!$A$5:$A$3540,L$3) -> 25.3 | M5: 38.9 | N5: 28 | O5: 11 | P5: =IF(H5>AsOfDate,"Opens "&TEXT(H5,"mmm d"),IF(O5>0,"Backlog in peak week","On plan")) -> Backlog in peak week
A6: S1002 | B6: PP01 | C6: Albany | D6: =INDEX('Pool Points'!$E:$E,MATCH(B6,'Pool Points'!$A:$A,0)) -> CARR-A | E6: Large | F6: Tue/Thu/Fri/Sat | G6: 13 | H6: 42005 | I6: =SUMIFS('Store Forecast'!$D$5:$D$3540,'Store Forecast'!$C$5:$C$3540,$A6,'Store Forecast'!$A$5:$A$3540,I$3) -> 22.3 | J6: =SUMIFS('Store Forecast'!$D$5:$D$3540,'Store Forecast'!$C$5:$C$3540,$A6,'Store Forecast'!$A$5:$A$3540,J$3) -> 23.5 | K6: =SUMIFS('Store Forecast'!$D$5:$D$3540,'Store Forecast'!$C$5:$C$3540,$A6,'Store Forecast'!$A$5:$A$3540,K$3) -> 22 | L6: =SUMIFS('Store Forecast'!$D$5:$D$3540,'Store Forecast'!$C$5:$C$3540,$A6,'Store Forecast'!$A$5:$A$3540,L$3) -> 21.9 | M6: 33.6 | N6: 34 | O6: 0 | P6: =IF(H6>AsOfDate,"Opens "&TEXT(H6,"mmm d"),IF(O6>0,"Backlog in peak week","On plan")) -> On plan
A7: S1003 | B7: PP01 | C7: Albany | D7: =INDEX('Pool Points'!$E:$E,MATCH(B7,'Pool Points'!$A:$A,0)) -> CARR-A | E7: Medium | F7: Wed/Fri/Sat | G7: 14 | H7: 42005 | I7: =SUMIFS('Store Forecast'!$D$5:$D$3540,'Store Forecast'!$C$5:$C$3540,$A7,'Store Forecast'!$A$5:$A$3540,I$3) -> 17 | J7: =SUMIFS('Store Forecast'!$D$5:$D$3540,'Store Forecast'!$C$5:$C$3540,$A7,'Store Forecast'!$A$5:$A$3540,J$3) -> 17.9 | K7: =SUMIFS('Store Forecast'!$D$5:$D$3540,'Store Forecast'!$C$5:$C$3540,$A7,'Store Forecast'!$A$5:$A$3540,K$3) -> 16.7 | L7: =SUMIFS('Store Forecast'!$D$5:$D$3540,'Store Forecast'!$C$5:$C$3540,$A7,'Store Forecast'!$A$5:$A$3540,L$3) -> 16.7 | M7: 25.6 | N7: 26 | O7: 0 | P7: =IF(H7>AsOfDate,"Opens "&TEXT(H7,"mmm d"),IF(O7>0,"Backlog in peak week","On plan")) -> On plan
A8: S1004 | B8: PP01 | C8: Albany | D8: =INDEX('Pool Points'!$E:$E,MATCH(B8,'Pool Points'!$A:$A,0)) -> CARR-A | E8: Large | F8: Mon/Wed/Fri/Sat | G8: 13 | H8: 42005 | I8: =SUMIFS('Store Forecast'!$D$5:$D$3540,'Store Forecast'!$C$5:$C$3540,$A8,'Store Forecast'!$A$5:$A$3540,I$3) -> 24.4 | J8: =SUMIFS('Store Forecast'!$D$5:$D$3540,'Store Forecast'!$C$5:$C$3540,$A8,'Store Forecast'!$A$5:$A$3540,J$3) -> 25.7 | K8: =SUMIFS('Store Forecast'!$D$5:$D$3540,'Store Forecast'!$C$5:$C$3540,$A8,'Store Forecast'!$A$5:$A$3540,K$3) -> 24 | L8: =SUMIFS('Store Forecast'!$D$5:$D$3540,'Store Forecast'!$C$5:$C$3540,$A8,'Store Forecast'!$A$5:$A$3540,L$3) -> 23.9 | M8: 36.8 | N8: 37 | O8: 0 | P8: =IF(H8>AsOfDate,"Opens "&TEXT(H8,"mmm d"),IF(O8>0,"Backlog in peak week","On plan")) -> On plan
A9: S1005 | B9: PP01 | C9: Albany | D9: =INDEX('Pool Points'!$E:$E,MATCH(B9,'Pool Points'!$A:$A,0)) -> CARR-A | E9: Small | F9: Mon/Thu/Sat | G9: 9 | H9: 42005 | I9: =SUMIFS('Store Forecast'!$D$5:$D$3540,'Store Forecast'!$C$5:$C$3540,$A9,'Store Forecast'!$A$5:$A$3540,I$3) -> 10.7 | J9: =SUMIFS('Store Forecast'!$D$5:$D$3540,'Store Forecast'!$C$5:$C$3540,$A9,'Store Forecast'!$A$5:$A$3540,J$3) -> 11.2 | K9: =SUMIFS('Store Forecast'!$D$5:$D$3540,'Store Forecast'!$C$5:$C$3540,$A9,'Store Forecast'!$A$5:$A$3540,K$3) -> 10.5 | L9: =SUMIFS('Store Forecast'!$D$5:$D$3540,'Store Forecast'!$C$5:$C$3540,$A9,'Store Forecast'!$A$5:$A$3540,L$3) -> 10.5 | M9: 16.1 | N9: 16 | O9: 0 | P9: =IF(H9>AsOfDate,"Opens "&TEXT(H9,"mmm d"),IF(O9>0,"Backlog in peak week","On plan")) -> On plan
A10: S1006 | B10: PP01 | C10: Albany | D10: =INDEX('Pool Points'!$E:$E,MATCH(B10,'Pool Points'!$A:$A,0)) -> CARR-A | E10: Medium | F10: Tue/Fri/Sat | G10: 12 | H10: 42005 | I10: =SUMIFS('Store Forecast'!$D$5:$D$3540,'Store Forecast'!$C$5:$C$3540,$A10,'Store Forecast'!$A$5:$A$3540,I$3) -> 13.7 | J10: =SUMIFS('Store Forecast'!$D$5:$D$3540,'Store Forecast'!$C$5:$C$3540,$A10,'Store Forecast'!$A$5:$A$3540,J$3) -> 14.4 | K10: =SUMIFS('Store Forecast'!$D$5:$D$3540,'Store Forecast'!$C$5:$C$3540,$A10,'Store Forecast'!$A$5:$A$3540,K$3) -> 13.4 | L10: =SUMIFS('Store Forecast'!$D$5:$D$3540,'Store Forecast'!$C$5:$C$3540,$A10,'Store Forecast'!$A$5:$A$3540,L$3) -> 13.4 | M10: 20.6 | N10: 21 | O10: 0 | P10: =IF(H10>AsOfDate,"Opens "&TEXT(H10,"mmm d"),IF(O10>0,"Backlog in peak week","On plan")) -> On plan
A11: S1007 | B11: PP01 | C11: Albany | D11: =INDEX('Pool Points'!$E:$E,MATCH(B11,'Pool Points'!$A:$A,0)) -> CARR-A | E11: Small | F11: Wed/Fri/Sat | G11: 9 | H11: 42005 | I11: =SUMIFS('Store Forecast'!$D$5:$D$3540,'Store Forecast'!$C$5:$C$3540,$A11,'Store Forecast'!$A$5:$A$3540,I$3) -> 10.3 | J11: =SUMIFS('Store Forecast'!$D$5:$D$3540,'Store Forecast'!$C$5:$C$3540,$A11,'Store Forecast'!$A$5:$A$3540,J$3) -> 10.8 | K11: =SUMIFS('Store Forecast'!$D$5:$D$3540,'Store Forecast'!$C$5:$C$3540,$A11,'Store Forecast'!$A$5:$A$3540,K$3) -> 10.1 | L11: =SUMIFS('Store Forecast'!$D$5:$D$3540,'Store Forecast'!$C$5:$C$3540,$A11,'Store Forecast'!$A$5:$A$3540,L$3) -> 10.1 | M11: 15.5 | N11: 16 | O11: 0 | P11: =IF(H11>AsOfDate,"Opens "&TEXT(H11,"mmm d"),IF(O11>0,"Backlog in peak week","On plan")) -> On plan
A12: S1008 | B12: PP01 | C12: Albany | D12: =INDEX('Pool Points'!$E:$E,MATCH(B12,'Pool Points'!$A:$A,0)) -> CARR-A | E12: Medium | F12: Mon/Thu/Sat | G12: 17 | H12: 45556 | I12: =SUMIFS('Store Forecast'!$D$5:$D$3540,'Store Forecast'!$C$5:$C$3540,$A12,'Store Forecast'!$A$5:$A$3540,I$3) -> 20.2 | J12: =SUMIFS('Store Forecast'!$D$5:$D$3540,'Store Forecast'!$C$5:$C$3540,$A12,'Store Forecast'!$A$5:$A$3540,J$3) -> 21.2 | K12: =SUMIFS('Store Forecast'!$D$5:$D$3540,'Store Forecast'!$C$5:$C$3540,$A12,'Store Forecast'!$A$5:$A$3540,K$3) -> 19.8 | L12: =SUMIFS('Store Forecast'!$D$5:$D$3540,'Store Forecast'!$C$5:$C$3540,$A12,'Store Forecast'!$A$5:$A$3540,L$3) -> 19.8 | M12: 30.4 | N12: 30 | O12: 0 | P12: =IF(H12>AsOfDate,"Opens "&TEXT(H12,"mmm d"),IF(O12>0,"Backlog in peak week","On plan")) -> On plan
A13: S1009 | B13: PP01 | C13: Albany | D13: =INDEX('Pool Points'!$E:$E,MATCH(B13,'Pool Points'!$A:$A,0)) -> CARR-A | E13: Medium | F13: Mon/Wed/Fri/Sat | G13: 9 | H13: 42005 | I13: =SUMIFS('Store Forecast'!$D$5:$D$3540,'Store Forecast'!$C$5:$C$3540,$A13,'Store Forecast'!$A$5:$A$3540,I$3) -> 16 | J13: =SUMIFS('Store Forecast'!$D$5:$D$3540,'Store Forecast'!$C$5:$C$3540,$A13,'Store Forecast'!$A$5:$A$3540,J$3) -> 16.8 | K13: =SUMIFS('Store Forecast'!$D$5:$D$3540,'Store Forecast'!$C$5:$C$3540,$A13,'Store Forecast'!$A$5:$A$3540,K$3) -> 15.7 | L13: =SUMIFS('Store Forecast'!$D$5:$D$3540,'Store Forecast'!$C$5:$C$3540,$A13,'Store Forecast'!$A$5:$A$3540,L$3) -> 15.7 | M13: 24.1 | N13: 24 | O13: 0 | P13: =IF(H13>AsOfDate,"Opens "&TEXT(H13,"mmm d"),IF(O13>0,"Backlog in peak week","On plan")) -> On plan
A14: S1010 | B14: PP01 | C14: Albany | D14: =INDEX('Pool Points'!$E:$E,MATCH(B14,'Pool Points'!$A:$A,0)) -> CARR-A | E14: Small | F14: Mon/Thu/Sat | G14: 9 | H14: 42005 | I14: =SUMIFS('Store Forecast'!$D$5:$D$3540,'Store Forecast'!$C$5:$C$3540,$A14,'Store Forecast'!$A$5:$A$3540,I$3) -> 10.3 | J14: =SUMIFS('Store Forecast'!$D$5:$D$3540,'Store Forecast'!$C$5:$C$3540,$A14,'Store Forecast'!$A$5:$A$3540,J$3) -> 10.9 | K14: =SUMIFS('Store Forecast'!$D$5:$D$3540,'Store Forecast'!$C$5:$C$3540,$A14,'Store Forecast'!$A$5:$A$3540,K$3) -> 10.2 | L14: =SUMIFS('Store Forecast'!$D$5:$D$3540,'Store Forecast'!$C$5:$C$3540,$A14,'Store Forecast'!$A$5:$A$3540,L$3) -> 10.2 | M14: 15.6 | N14: 16 | O14: 0 | P14: =IF(H14>AsOfDate,"Opens "&TEXT(H14,"mmm d"),IF(O14>0,"Backlog in peak week","On plan")) -> On plan
A15: S1011 | B15: PP01 | C15: Albany | D15: =INDEX('Pool Points'!$E:$E,MATCH(B15,'Pool Points'!$A:$A,0)) -> CARR-A | E15: Large | F15: Mon/Wed/Fri/Sat | G15: 10 | H15: 42005 | I15: =SUMIFS('Store Forecast'!$D$5:$D$3540,'Store Forecast'!$C$5:$C$3540,$A15,'Store Forecast'!$A$5:$A$3540,I$3) -> 18.8 | J15: =SUMIFS('Store Forecast'!$D$5:$D$3540,'Store Forecast'!$C$5:$C$3540,$A15,'Store Forecast'!$A$5:$A$3540,J$3) -> 19.8 | K15: =SUMIFS('Store Forecast'!$D$5:$D$3540,'Store Forecast'!$C$5:$C$3540,$A15,'Store Forecast'!$A$5:$A$3540,K$3) -> 18.5 | L15: =SUMIFS('Store Forecast'!$D$5:$D$3540,'Store Forecast'!$C$5:$C$3540,$A15,'Store Forecast'!$A$5:$A$3540,L$3) -> 18.5 | M15: 28.4 | N15: 28 | O15: 0 | P15: =IF(H15>AsOfDate,"Opens "&TEXT(H15,"mmm d"),IF(O15>0,"Backlog in peak week","On plan")) -> On plan
A16: S1012 | B16: PP01 | C16: Albany | D16: =INDEX('Pool Points'!$E:$E,MATCH(B16,'Pool Points'!$A:$A,0)) -> CARR-A | E16: Large | F16: Mon/Wed/Fri/Sat | G16: 13 | H16: 42005 | I16: =SUMIFS('Store Forecast'!$D$5:$D$3540,'Store Forecast'!$C$5:$C$3540,$A16,'Store Forecast'!$A$5:$A$3540,I$3) -> 22.9 | J16: =SUMIFS('Store Forecast'!$D$5:$D$3540,'Store Forecast'!$C$5:$C$3540,$A16,'Store Forecast'!$A$5:$A$3540,J$3) -> 24.2 | K16: =SUMIFS('Store Forecast'!$D$5:$D$3540,'Store Forecast'!$C$5:$C$3540,$A16,'Store Forecast'!$A$5:$A$3540,K$3) -> 22.6 | L16: =SUMIFS('Store Forecast'!$D$5:$D$3540,'Store Forecast'!$C$5:$C$3540,$A16,'Store Forecast'!$A$5:$A$3540,L$3) -> 22.5 | M16: 34.6 | N16: 35 | O16: 0 | P16: =IF(H16>AsOfDate,"Opens "&TEXT(H16,"mmm d"),IF(O16>0,"Backlog in peak week","On plan")) -> On plan
... A141: S1137 | B141: PP04 | C141: Harrisburg | D141: =INDEX('Pool Points'!$E:$E,MATCH(B141,'Pool Points'!$A:$A,0)) -> CARR-C | E141: Medium | F141: Tue/Fri/Sat | G141: 13 | H141: 46361 | I141: =SUMIFS('Store Forecast'!$D$5:$D$3540,'Store Forecast'!$C$5:$C$3540,$A141,'Store Forecast'!$A$5:$A$3540,I$3) -> 0 | J141: =SUMIFS('Store Forecast'!$D$5:$D$3540,'Store Forecast'!$C$5:$C$3540,$A141,'Store Forecast'!$A$5:$A$3540,J$3) -> 0 | K141: =SUMIFS('Store Forecast'!$D$5:$D$3540,'Store Forecast'!$C$5:$C$3540,$A141,'Store Forecast'!$A$5:$A$3540,K$3) -> 0 | L141: =SUMIFS('Store Forecast'!$D$5:$D$3540,'Store Forecast'!$C$5:$C$3540,$A141,'Store Forecast'!$A$5:$A$3540,L$3) -> 0 | M141: 26 | N141: 26 | O141: 0 | P141: =IF(H141>AsOfDate,"Opens "&TEXT(H141,"mmm d"),IF(O141>0,"Backlog in peak week","On plan")) -> Opens Dec 5

Sheet Peak Week Schedule
A1: Peak Week Delivery Schedule, week ending Dec 05, 2026
A2: Pallets per delivery after change requests and mitigation. Orange cells are at the store's pallet max.
A4: Store | B4: Pool point | C4: Delivery days | D4: Pallet max | E4: Mon | F4: Tue | G4: Wed | H4: Thu | I4: Fri | J4: Sat | K4: Planned total | L4: Forecast | M4: Backlog
A5: S1001 | B5: PP01 | C5: Tue/Thu/Fri/Sat | D5: 7 | F5: 7 | H5: 7 | I5: 7 | J5: 7 | K5: =SUM(E5:J5) -> 28 | L5: 38.9 | M5: =MAX(0,ROUND(L5,0)-K5) -> 11
A6: S1002 | B6: PP01 | C6: Tue/Thu/Fri/Sat | D6: 13 | F6: 9 | H6: 9 | I6: 8 | J6: 8 | K6: =SUM(E6:J6) -> 34 | L6: 33.6 | M6: =MAX(0,ROUND(L6,0)-K6) -> 0
A7: S1003 | B7: PP01 | C7: Wed/Fri/Sat | D7: 14 | G7: 9 | I7: 9 | J7: 8 | K7: =SUM(E7:J7) -> 26 | L7: 25.6 | M7: =MAX(0,ROUND(L7,0)-K7) -> 0
A8: S1004 | B8: PP01 | C8: Mon/Wed/Fri/Sat | D8: 13 | E8: 10 | G8: 9 | I8: 9 | J8: 9 | K8: =SUM(E8:J8) -> 37 | L8: 36.8 | M8: =MAX(0,ROUND(L8,0)-K8) -> 0
A9: S1005 | B9: PP01 | C9: Mon/Thu/Sat | D9: 9 | E9: 6 | H9: 5 | J9: 5 | K9: =SUM(E9:J9) -> 16 | L9: 16.1 | M9: =MAX(0,ROUND(L9,0)-K9) -> 0
A10: S1006 | B10: PP01 | C10: Tue/Fri/Sat | D10: 12 | F10: 7 | I10: 7 | J10: 7 | K10: =SUM(E10:J10) -> 21 | L10: 20.6 | M10: =MAX(0,ROUND(L10,0)-K10) -> 0
A11: S1007 | B11: PP01 | C11: Wed/Fri/Sat | D11: 9 | G11: 6 | I11: 5 | J11: 5 | K11: =SUM(E11:J11) -> 16 | L11: 15.5 | M11: =MAX(0,ROUND(L11,0)-K11) -> 0
A12: S1008 | B12: PP01 | C12: Mon/Thu/Sat | D12: 17 | E12: 10 | H12: 10 | J12: 10 | K12: =SUM(E12:J12) -> 30 | L12: 30.4 | M12: =MAX(0,ROUND(L12,0)-K12) -> 0
A13: S1009 | B13: PP01 | C13: Mon/Wed/Fri/Sat | D13: 9 | E13: 6 | G13: 6 | I13: 6 | J13: 6 | K13: =SUM(E13:J13) -> 24 | L13: 24.1 | M13: =MAX(0,ROUND(L13,0)-K13) -> 0
A14: S1010 | B14: PP01 | C14: Mon/Thu/Sat | D14: 9 | E14: 6 | H14: 5 | J14: 5 | K14: =SUM(E14:J14) -> 16 | L14: 15.6 | M14: =MAX(0,ROUND(L14,0)-K14) -> 0
A15: S1011 | B15: PP01 | C15: Mon/Wed/Fri/Sat | D15: 10 | E15: 7 | G15: 7 | I15: 7 | J15: 7 | K15: =SUM(E15:J15) -> 28 | L15: 28.4 | M15: =MAX(0,ROUND(L15,0)-K15) -> 0
A16: S1012 | B16: PP01 | C16: Mon/Wed/Fri/Sat | D16: 13 | E16: 9 | G16: 9 | I16: 9 | J16: 8 | K16: =SUM(E16:J16) -> 35 | L16: 34.6 | M16: =MAX(0,ROUND(L16,0)-K16) -> 0
A17: S1013 | B17: PP01 | C17: Tue/Thu/Fri/Sat | D17: 9 | F17: 6 | H17: 6 | I17: 6 | J17: 6 | K17: =SUM(E17:J17) -> 24 | L17: 23.8 | M17: =MAX(0,ROUND(L17,0)-K17) -> 0
A18: S1014 | B18: PP01 | C18: Mon/Thu/Sat | D18: 10 | E18: 7 | H18: 6 | J18: 6 | K18: =SUM(E18:J18) -> 19 | L18: 18.6 | M18: =MAX(0,ROUND(L18,0)-K18) -> 0
A19: S1015 | B19: PP02 | C19: Tue/Fri/Sat | D19: 10 | F19: 7 | I19: 7 | J19: 6 | K19: =SUM(E19:J19) -> 20 | L19: 19.5 | M19: =MAX(0,ROUND(L19,0)-K19) -> 0
A20: S1016 | B20: PP02 | C20: Tue/Fri/Sat | D20: 10 | F20: 6 | I20: 6 | J20: 5 | K20: =SUM(E20:J20) -> 17 | L20: 17 | M20: =MAX(0,ROUND(L20,0)-K20) -> 0
A21: S1017 | B21: PP02 | C21: Tue/Thu/Fri/Sat | D21: 9 | F21: 7 | H21: 6 | I21: 6 | J21: 6 | K21: =SUM(E21:J21) -> 25 | L21: 25.2 | M21: =MAX(0,ROUND(L21,0)-K21) -> 0
A22: S1018 | B22: PP02 | C22: Wed/Fri/Sat | D22: 8 | G22: 5 | I22: 5 | J22: 4 | K22: =SUM(E22:J22) -> 14 | L22: 14.2 | M22: =MAX(0,ROUND(L22,0)-K22) -> 0
A23: S1019 | B23: PP02 | C23: Wed/Fri/Sat | D23: 9 | G23: 6 | I23: 5 | J23: 5 | K23: =SUM(E23:J23) -> 16 | L23: 16 | M23: =MAX(0,ROUND(L23,0)-K23) -> 0
A24: S1020 | B24: PP02 | C24: Wed/Fri/Sat | D24: 12 | G24: 7 | I24: 7 | J24: 7 | K24: =SUM(E24:J24) -> 21 | L24: 21.1 | M24: =MAX(0,ROUND(L24,0)-K24) -> 0
A25: S1021 | B25: PP02 | C25: Tue/Thu/Fri/Sat | D25: 12 | F25: 8 | H25: 8 | I25: 8 | J25: 8 | K25: =SUM(E25:J25) -> 32 | L25: 31.5 | M25: =MAX(0,ROUND(L25,0)-K25) -> 0
A26: S1022 | B26: PP02 | C26: Mon/Wed/Fri/Sat | D26: 9 | E26: 7 | G26: 6 | I26: 6 | J26: 6 | K26: =SUM(E26:J26) -> 25 | L26: 25 | M26: =MAX(0,ROUND(L26,0)-K26) -> 0
A27: S1023 | B27: PP02 | C27: Tue/Fri/Sat | D27: 9 | F27: 6 | I27: 5 | J27: 5 | K27: =SUM(E27:J27) -> 16 | L27: 15.8 | M27: =MAX(0,ROUND(L27,0)-K27) -> 0
A28: S1024 | B28: PP02 | C28: Tue/Fri/Sat | D28: 12 | F28: 8 | I28: 8 | J28: 7 | K28: =SUM(E28:J28) -> 23 | L28: 22.8 | M28: =MAX(0,ROUND(L28,0)-K28) -> 0
A29: S1025 | B29: PP02 | C29: Tue/Fri | D29: 6 | F29: 6 | I29: 6 | K29: =SUM(E29:J29) -> 12 | L29: 12.3 | M29: =MAX(0,ROUND(L29,0)-K29) -> 0
A30: S1026 | B30: PP02 | C30: Wed/Fri/Sat | D30: 10 | G30: 6 | I30: 6 | J30: 5 | K30: =SUM(E30:J30) -> 17 | L30: 17 | M30: =MAX(0,ROUND(L30,0)-K30) -> 0
A31: S1027 | B31: PP02 | C31: Mon/Wed/Fri/Sat | D31: 8 | E31: 5 | G31: 5 | I31: 5 | J31: 5 | K31: =SUM(E31:J31) -> 20 | L31: 19.7 | M31: =MAX(0,ROUND(L31,0)-K31) -> 0
A32: S1028 | B32: PP02 | C32: Mon/Thu/Sat | D32: 10 | E32: 7 | H32: 6 | J32: 6 | K32: =SUM(E32:J32) -> 19 | L32: 18.6 | M32: =MAX(0,ROUND(L32,0)-K32) -> 0
A33: S1029 | B33: PP02 | C33: Mon/Thu/Sat | D33: 7 | E33: 4 | H33: 4 | J33: 4 | K33: =SUM(E33:J33) -> 12 | L33: 11.8 | M33: =MAX(0,ROUND(L33,0)-K33) -> 0
A34: S1030 | B34: PP02 | C34: Wed/Fri/Sat | D34: 13 | G34: 8 | I34: 8 | J34: 8 | K34: =SUM(E34:J34) -> 24 | L34: 23.5 | M34: =MAX(0,ROUND(L34,0)-K34) -> 0
A35: S1031 | B35: PP02 | C35: Wed/Fri/Sat | D35: 9 | G35: 5 | I35: 5 | J35: 5 | K35: =SUM(E35:J35) -> 15 | L35: 15.1 | M35: =MAX(0,ROUND(L35,0)-K35) -> 0
A36: S1032 | B36: PP02 | C36: Mon/Wed/Fri/Sat | D36: 9 | E36: 6 | G36: 6 | I36: 6 | J36: 6 | K36: =SUM(E36:J36) -> 24 | L36: 23.8 | M36: =MAX(0,ROUND(L36,0)-K36) -> 0
A37: S1033 | B37: PP02 | C37: Wed/Fri/Sat | D37: 8 | G37: 5 | I37: 4 | J37: 4 | K37: =SUM(E37:J37) -> 13 | L37: 12.9 | M37: =MAX(0,ROUND(L37,0)-K37) -> 0
A38: S1034 | B38: PP03 | C38: Tue/Fri/Sat | D38: 12 | I38: 11 | J38: 10 | K38: =SUM(E38:J38) -> 21 | L38: 21.3 | M38: =MAX(0,ROUND(L38,0)-K38) -> 0
A39: S1035 | B39: PP03 | C39: Tue/Fri/Sat | D39: 10 | I39: 10 | J39: 9 | K39: =SUM(E39:J39) -> 19 | L39: 18.8 | M39: =MAX(0,ROUND(L39,0)-K39) -> 0
A40: S1036 | B40: PP03 | C40: Tue/Thu/Fri/Sat | D40: 10 | H40: 10 | I40: 10 | J40: 9 | K40: =SUM(E40:J40) -> 29 | L40: 29.1 | M40: =MAX(0,ROUND(L40,0)-K40) -> 0
A41: S1037 | B41: PP03 | C41: Tue/Fri/Sat | D41: 12 | I41: 11 | J41: 10 | K41: =SUM(E41:J41) -> 21 | L41: 20.9 | M41: =MAX(0,ROUND(L41,0)-K41) -> 0
A42: S1038 | B42: PP03 | C42: Tue/Thu/Fri/Sat | D42: 12 | H42: 11 | I42: 11 | J42: 11 | K42: =SUM(E42:J42) -> 33 | L42: 33.2 | M42: =MAX(0,ROUND(L42,0)-K42) -> 0
A43: S1039 | B43: PP03 | C43: Mon/Thu/Sat | D43: 8 | E43: 5 | H43: 5 | J43: 4 | K43: =SUM(E43:J43) -> 14 | L43: 13.5 | M43: =MAX(0,ROUND(L43,0)-K43) -> 0
A44: S1040 | B44: PP03 | C44: Mon/Wed/Fri/Sat | D44: 9 | E44: 6 | G44: 6 | I44: 6 | J44: 5 | K44: =SUM(E44:J44) -> 23 | L44: 22.9 | M44: =MAX(0,ROUND(L44,0)-K44) -> 0
A45: S1041 | B45: PP03 | C45: Mon/Thu/Sat | D45: 8 | E45: 5 | H45: 4 | J45: 4 | K45: =SUM(E45:J45) -> 13 | L45: 13 | M45: =MAX(0,ROUND(L45,0)-K45) -> 0
A46: S1042 | B46: PP03 | C46: Tue/Thu/Fri/Sat | D46: 14 | H46: 13 | I46: 12 | J46: 12 | K46: =SUM(E46:J46) -> 37 | L46: 37.1 | M46: =MAX(0,ROUND(L46,0)-K46) -> 0
A47: S1043 | B47: PP03 | C47: Tue/Thu/Fri/Sat | D47: 13 | H47: 12 | I47: 12 | J47: 11 | K47: =SUM(E47:J47) -> 35 | L47: 35.1 | M47: =MAX(0,ROUND(L47,0)-K47) -> 0
A48: S1044 | B48: PP03 | C48: Tue/Thu/Fri/Sat | D48: 13 | H48: 12 | I48: 12 | J48: 12 | K48: =SUM(E48:J48) -> 36 | L48: 35.5 | M48: =MAX(0,ROUND(L48,0)-K48) -> 0
A49: S1045 | B49: PP03 | C49: Mon/Wed/Fri/Sat | D49: 13 | E49: 9 | G49: 9 | I49: 8 | J49: 8 | K49: =SUM(E49:J49) -> 34 | L49: 34.3 | M49: =MAX(0,ROUND(L49,0)-K49) -> 0
A50: S1046 | B50: PP03 | C50: Mon/Wed/Fri/Sat | D50: 12 | E50: 8 | G50: 8 | I50: 8 | J50: 8 | K50: =SUM(E50:J50) -> 32 | L50: 32.4 | M50: =MAX(0,ROUND(L50,0)-K50) -> 0
A51: S1047 | B51: PP03 | C51: Tue/Fri/Sat | D51: 12 | I51: 11 | J51: 10 | K51: =SUM(E51:J51) -> 21 | L51: 20.7 | M51: =MAX(0,ROUND(L51,0)-K51) -> 0
A52: S1048 | B52: PP03 | C52: Wed/Fri/Sat | D52: 13 | G52: 8 | I52: 8 | J52: 7 | K52: =SUM(E52:J52) -> 23 | L52: 22.8 | M52: =MAX(0,ROUND(L52,0)-K52) -> 0
A53: S1049 | B53: PP03 | C53: Mon/Wed/Fri/Sat | D53: 12 | E53: 8 | G53: 8 | I53: 8 | J53: 8 | K53: =SUM(E53:J53) -> 32 | L53: 32 | M53: =MAX(0,ROUND(L53,0)-K53) -> 0
A54: S1050 | B54: PP03 | C54: Wed/Fri/Sat | D54: 10 | G54: 7 | I54: 6 | J54: 6 | K54: =SUM(E54:J54) -> 19 | L54: 18.6 | M54: =MAX(0,ROUND(L54,0)-K54) -> 0
A55: S1051 | B55: PP03 | C55: Tue/Thu/Fri/Sat | D55: 8 | H55: 8 | I55: 7 | J55: 7 | K55: =SUM(E55:J55) -> 22 | L55: 22.1 | M55: =MAX(0,ROUND(L55,0)-K55) -> 0
A56: S1052 | B56: PP03 | C56: Wed/Fri/Sat | D56: 9 | G56: 6 | I56: 5 | J56: 5 | K56: =SUM(E56:J56) -> 16 | L56: 15.9 | M56: =MAX(0,ROUND(L56,0)-K56) -> 0
A57: S1053 | B57: PP04 | C57: Tue/Thu/Fri/Sat | D57: 8 | F57: 5 | H57: 5 | I57: 5 | J57: 4 | K57: =SUM(E57:J57) -> 19 | L57: 19.4 | M57: =MAX(0,ROUND(L57,0)-K57) -> 0
A58: S1054 | B58: PP04 | C58: Tue/Thu/Fri/Sat | D58: 9 | F58: 6 | H58: 6 | I58: 5 | J58: 5 | K58: =SUM(E58:J58) -> 22 | L58: 22.1 | M58: =MAX(0,ROUND(L58,0)-K58) -> 0
A59: S1055 | B59: PP04 | C59: Tue/Fri/Sat | D59: 12 | F59: 8 | I59: 7 | J59: 7 | K59: =SUM(E59:J59) -> 22 | L59: 22.2 | M59: =MAX(0,ROUND(L59,0)-K59) -> 0
A60: S1056 | B60: PP04 | C60: Tue/Fri/Sat | D60: 8 | F60: 5 | I60: 4 | J60: 4 | K60: =SUM(E60:J60) -> 13 | L60: 12.7 | M60: =MAX(0,ROUND(L60,0)-K60) -> 0
A61: S1057 | B61: PP04 | C61: Tue/Thu/Fri/Sat | D61: 8 | F61: 5 | H61: 5 | I61: 5 | J61: 4 | K61: =SUM(E61:J61) -> 19 | L61: 19.2 | M61: =MAX(0,ROUND(L61,0)-K61) -> 0
A62: S1058 | B62: PP04 | C62: Mon/Wed/Fri/Sat | D62: 17 | E62: 12 | G62: 12 | I62: 11 | J62: 11 | K62: =SUM(E62:J62) -> 46 | L62: 46.2 | M62: =MAX(0,ROUND(L62,0)-K62) -> 0
A63: S1059 | B63: PP04 | C63: Tue/Thu/Fri/Sat | D63: 8 | F63: 6 | H63: 5 | I63: 5 | J63: 5 | K63: =SUM(E63:J63) -> 21 | L63: 21 | M63: =MAX(0,ROUND(L63,0)-K63) -> 0
A64: S1060 | B64: PP04 | C64: Mon/Wed/Fri/Sat | D64: 12 | E64: 8 | G64: 8 | I64: 7 | J64: 7 | K64: =SUM(E64:J64) -> 30 | L64: 30.3 | M64: =MAX(0,ROUND(L64,0)-K64) -> 0
A65: S1061 | B65: PP04 | C65: Mon/Thu/Sat | D65: 12 | E65: 8 | H65: 7 | J65: 7 | K65: =SUM(E65:J65) -> 22 | L65: 21.6 | M65: =MAX(0,ROUND(L65,0)-K65) -> 0
A66: S1062 | B66: PP04 | C66: Tue/Fri/Sat | D66: 9 | F66: 6 | I66: 6 | J66: 6 | K66: =SUM(E66:J66) -> 18 | L66: 17.9 | M66: =MAX(0,ROUND(L66,0)-K66) -> 0
A67: S1063 | B67: PP04 | C67: Mon/Wed/Fri/Sat | D67: 10 | E67: 8 | G67: 8 | I67: 7 | J67: 7 | K67: =SUM(E67:J67) -> 30 | L67: 30.1 | M67: =MAX(0,ROUND(L67,0)-K67) -> 0
A68: S1064 | B68: PP04 | C68: Mon/Thu/Sat | D68: 13 | E68: 8 | H68: 8 | J68: 7 | K68: =SUM(E68:J68) -> 23 | L68: 23.3 | M68: =MAX(0,ROUND(L68,0)-K68) -> 0
A69: S1065 | B69: PP04 | C69: Mon/Wed/Fri/Sat | D69: 13 | E69: 9 | G69: 9 | I69: 9 | J69: 9 | K69: =SUM(E69:J69) -> 36 | L69: 36 | M69: =MAX(0,ROUND(L69,0)-K69) -> 0
A70: S1066 | B70: PP04 | C70: Tue/Fri/Sat | D70: 7 | F70: 4 | I70: 4 | J70: 4 | K70: =SUM(E70:J70) -> 12 | L70: 11.9 | M70: =MAX(0,ROUND(L70,0)-K70) -> 0
A71: S1067 | B71: PP04 | C71: Mon/Thu/Sat | D71: 8 | E71: 5 | H71: 5 | J71: 4 | K71: =SUM(E71:J71) -> 14 | L71: 13.8 | M71: =MAX(0,ROUND(L71,0)-K71) -> 0
A72: S1068 | B72: PP05 | C72: Tue/Fri/Sat | D72: 13 | F72: 8 | I72: 8 | J72: 7 | K72: =SUM(E72:J72) -> 23 | L72: 23.3 | M72: =MAX(0,ROUND(L72,0)-K72) -> 0
A73: S1069 | B73: PP05 | C73: Mon/Wed/Fri/Sat | D73: 13 | E73: 9 | G73: 9 | I73: 9 | J73: 8 | K73: =SUM(E73:J73) -> 35 | L73: 35.4 | M73: =MAX(0,ROUND(L73,0)-K73) -> 0
A74: S1070 | B74: PP05 | C74: Mon/Thu/Sat | D74: 10 | E74: 6 | H74: 6 | J74: 6 | K74: =SUM(E74:J74) -> 18 | L74: 18.3 | M74: =MAX(0,ROUND(L74,0)-K74) -> 0
A75: S1071 | B75: PP05 | C75: Mon/Thu/Sat | D75: 7 | E75: 4 | H75: 4 | J75: 4 | K75: =SUM(E75:J75) -> 12 | L75: 12.3 | M75: =MAX(0,ROUND(L75,0)-K75) -> 0
A76: S1072 | B76: PP05 | C76: Tue/Thu/Fri/Sat | D76: 10 | F76: 7 | H76: 7 | I76: 7 | J76: 7 | K76: =SUM(E76:J76) -> 28 | L76: 27.7 | M76: =MAX(0,ROUND(L76,0)-K76) -> 0
A77: S1073 | B77: PP05 | C77: Mon/Wed/Fri/Sat | D77: 10 | E77: 8 | G77: 8 | I77: 8 | J77: 7 | K77: =SUM(E77:J77) -> 31 | L77: 30.5 | M77: =MAX(0,ROUND(L77,0)-K77) -> 0
A78: S1074 | B78: PP05 | C78: Tue/Thu/Fri/Sat | D78: 8 | F78: 6 | H78: 5 | I78: 5 | J78: 5 | K78: =SUM(E78:J78) -> 21 | L78: 20.9 | M78: =MAX(0,ROUND(L78,0)-K78) -> 0
A79: S1075 | B79: PP05 | C79: Wed/Fri/Sat | D79: 15 | G79: 10 | I79: 9 | J79: 9 | K79: =SUM(E79:J79) -> 28 | L79: 27.9 | M79: =MAX(0,ROUND(L79,0)-K79) -> 0
A80: S1076 | B80: PP05 | C80: Tue/Fri/Sat | D80: 8 | F80: 5 | I80: 5 | J80: 4 | K80: =SUM(E80:J80) -> 14 | L80: 14.1 | M80: =MAX(0,ROUND(L80,0)-K80) -> 0
A81: S1077 | B81: PP05 | C81: Tue/Fri/Sat | D81: 15 | F81: 11 | I81: 10 | J81: 10 | K81: =SUM(E81:J81) -> 31 | L81: 30.8 | M81: =MAX(0,ROUND(L81,0)-K81) -> 0
A82: S1078 | B82: PP05 | C82: Mon/Wed/Fri/Sat | D82: 8 | E82: 5 | G82: 5 | I82: 5 | J82: 5 | K82: =SUM(E82:J82) -> 20 | L82: 19.5 | M82: =MAX(0,ROUND(L82,0)-K82) -> 0
A83: S1079 | B83: PP05 | C83: Tue/Thu/Fri/Sat | D83: 15 | F83: 11 | H83: 11 | I83: 11 | J83: 11 | K83: =SUM(E83:J83) -> 44 | L83: 44.4 | M83: =MAX(0,ROUND(L83,0)-K83) -> 0
A84: S1080 | B84: PP05 | C84: Mon/Wed/Fri/Sat | D84: 13 | E84: 9 | G84: 9 | I84: 9 | J84: 8 | K84: =SUM(E84:J84) -> 35 | L84: 35.4 | M84: =MAX(0,ROUND(L84,0)-K84) -> 0
A85: S1081 | B85: PP05 | C85: Mon/Wed/Fri/Sat | D85: 9 | E85: 7 | G85: 6 | I85: 6 | J85: 6 | K85: =SUM(E85:J85) -> 25 | L85: 24.5 | M85: =MAX(0,ROUND(L85,0)-K85) -> 0
A86: S1082 | B86: PP05 | C86: Wed/Fri/Sat | D86: 12 | G86: 8 | I86: 8 | J86: 7 | K86: =SUM(E86:J86) -> 23 | L86: 23.4 | M86: =MAX(0,ROUND(L86,0)-K86) -> 0
A87: S1083 | B87: PP05 | C87: Wed/Fri/Sat | D87: 14 | G87: 8 | I87: 8 | J87: 8 | K87: =SUM(E87:J87) -> 24 | L87: 24.3 | M87: =MAX(0,ROUND(L87,0)-K87) -> 0
A88: S1084 | B88: PP05 | C88: Mon/Wed/Fri/Sat | D88: 15 | E88: 11 | G88: 11 | I88: 11 | J88: 10 | K88: =SUM(E88:J88) -> 43 | L88: 42.8 | M88: =MAX(0,ROUND(L88,0)-K88) -> 0
A89: S1085 | B89: PP06 | C89: Tue/Thu/Fri/Sat | D89: 13 | F89: 9 | H89: 9 | I89: 8 | J89: 8 | K89: =SUM(E89:J89) -> 34 | L89: 34 | M89: =MAX(0,ROUND(L89,0)-K89) -> 0
A90: S1086 | B90: PP06 | C90: Mon/Thu/Sat | D90: 9 | E90: 5 | H90: 5 | J90: 5 | K90: =SUM(E90:J90) -> 15 | L90: 15.1 | M90: =MAX(0,ROUND(L90,0)-K90) -> 0
A91: S1087 | B91: PP06 | C91: Tue/Fri/Sat | D91: 13 | F91: 8 | I91: 8 | J91: 8 | K91: =SUM(E91:J91) -> 24 | L91: 24 | M91: =MAX(0,ROUND(L91,0)-K91) -> 0
A92: S1088 | B92: PP06 | C92: Wed/Fri/Sat | D92: 9 | G92: 6 | I92: 6 | J92: 5 | K92: =SUM(E92:J92) -> 17 | L92: 16.8 | M92: =MAX(0,ROUND(L92,0)-K92) -> 0
A93: S1089 | B93: PP06 | C93: Mon/Thu/Sat | D93: 9 | E93: 5 | H93: 5 | J93: 5 | K93: =SUM(E93:J93) -> 15 | L93: 15.2 | M93: =MAX(0,ROUND(L93,0)-K93) -> 0
A94: S1090 | B94: PP06 | C94: Wed/Fri/Sat | D94: 14 | G94: 9 | I94: 8 | J94: 8 | K94: =SUM(E94:J94) -> 25 | L94: 25.4 | M94: =MAX(0,ROUND(L94,0)-K94) -> 0
A95: S1091 | B95: PP06 | C95: Wed/Fri/Sat | D95: 8 | G95: 5 | I95: 4 | J95: 4 | K95: =SUM(E95:J95) -> 13 | L95: 12.6 | M95: =MAX(0,ROUND(L95,0)-K95) -> 0
A96: S1092 | B96: PP06 | C96: Mon/Thu/Sat | D96: 9 | E96: 5 | H96: 5 | J96: 5 | K96: =SUM(E96:J96) -> 15 | L96: 15.4 | M96: =MAX(0,ROUND(L96,0)-K96) -> 0
A97: S1093 | B97: PP06 | C97: Wed/Fri/Sat | D97: 15 | G97: 9 | I97: 9 | J97: 9 | K97: =SUM(E97:J97) -> 27 | L97: 27.3 | M97: =MAX(0,ROUND(L97,0)-K97) -> 0
A98: S1094 | B98: PP06 | C98: Tue/Fri/Sat | D98: 14 | F98: 9 | I98: 8 | J98: 8 | K98: =SUM(E98:J98) -> 25 | L98: 24.6 | M98: =MAX(0,ROUND(L98,0)-K98) -> 0
A99: S1095 | B99: PP06 | C99: Tue/Thu/Fri/Sat | D99: 13 | F99: 9 | H99: 9 | I99: 9 | J99: 8 | K99: =SUM(E99:J99) -> 35 | L99: 35 | M99: =MAX(0,ROUND(L99,0)-K99) -> 0
A100: S1096 | B100: PP06 | C100: Mon/Thu/Sat | D100: 9 | E100: 9 | J100: 8 | K100: =SUM(E100:J100) -> 17 | L100: 16.6 | M100: =MAX(0,ROUND(L100,0)-K100) -> 0
A101: S1097 | B101: PP06 | C101: Tue/Thu/Fri/Sat | D101: 7 | F101: 5 | H101: 4 | I101: 4 | J101: 4 | K101: =SUM(E101:J101) -> 17 | L101: 16.7 | M101: =MAX(0,ROUND(L101,0)-K101) -> 0
...

Sheet Schedule Changes
A1: Schedule Changes, peak week ending Dec 05, 2026
A2: Change requests received, the impact of each one alone, and the combined scenarios.
A4: Change log
A5: Change ID | B5: Change type | C5: Pool point ID | D5: Store ID | E5: Day | F5: Old value | G5: New value | H5: Requested by | I5: Reason
A6: CHG-001 | B6: CANCEL_POOL_POINT_DAY | C6: PP03 | E6: Tue | H6: Pool point PP03 | I6: Winter storm closes the Worcester pool point for Tuesday
A7: CHG-002 | B7: CANCEL_STORE_DELIVERY | C7: PP06 | D7: S1096 | E7: Thu | H7: Store operations | I7: Store running a physical inventory count on Thursday
A8: CHG-003 | B8: PALLET_MAX_CHANGE | C8: PP01 | D8: S1001 | F8: 11 | G8: 7 | H8: Store operations | I8: Backroom at capacity; store asks for smaller drops
A9: CHG-004 | B9: NEW_STORE | C9: PP04 | D9: S1137 | G9: 10 | H9: Store planning | I9: New store added to the network with grand-opening fill
A10: CHG-005 | B10: CARRIER_CHANGE | C10: PP08 | F10: CARR-B | G10: CARR-D | H10: Transportation procurement | I10: Syracuse lane awarded to a new carrier
A12: Impact of each change on its own (vs. baseline plan)
A13: Change ID | B13: Change type | C13: Backlog change | D13: Deliveries change | E13: Trailers change | F13: Cost change | G13: Notes
A14: CHG-001 | B14: CANCEL_POOL_POINT_DAY | C14: 89 | D14: -10 | E14: -4 | F14: -6927.75 | G14: All Tue deliveries at PP03 cancelled; pallets roll to each store's next delivery.
A15: CHG-002 | B15: CANCEL_STORE_DELIVERY | C15: 7 | D15: -1 | E15: -1 | F15: -842.5 | G15: S1096 skips Thu; its pallets roll to the next delivery.
A16: CHG-003 | B16: PALLET_MAX_CHANGE | C16: 12 | D16: 0 | E16: 0 | F16: -114 | G16: S1001 pallet max 11 to 7 per delivery.
A17: CHG-004 | B17: NEW_STORE | C17: 6 | D17: 2 | E17: 0 | F17: 475 | G17: S1137 added to PP04 on Tue/Fri with 26 opening pallets.
A18: CHG-005 | B18: CARRIER_CHANGE | C18: 0 | D18: 0 | E18: 0 | F18: 455 | G18: Lane cost $962 to $998 per trailer; carrier on-time 92.2% vs 95.1% over the last 52 weeks.
A20: Scenario comparison
A21: Scenario | B21: Deliveries | C21: Pallets delivered | D21: Backlog pallets | E21: Stores with backlog | F21: Trailers | G21: Trailer fill % | H21: Linehaul cost | I21: Total cost | J21: Cost per pallet
A22: 1. Baseline plan | B22: 325 | C22: 2700 | D22: 457 | E22: 133 | F22: 131 | G22: 0.79271873 | H22: 120055.25 | I22: 200907 | J22: 74.41
A23: 2. With change requests | B23: 316 | C23: 2612 | D23: 571 | E23: 134 | F23: 126 | G23: 0.7973138 | H23: 115890 | I23: 193952.75 | J23: 74.25
A24: 3. With peak mitigation | B24: 450 | C24: 3172 | D24: 11 | E24: 1 | F24: 142 | G24: 0.85915493 | H24: 130254 | I24: 236468.5 | J24: 74.55

Sheet Backlog
A1: Peak Week Backlog Report
A2: Stores whose pallets exceed delivery capacity after change requests, and the mitigation applied.
A4: Store ID | B4: Pool point ID | C4: Backlog before | D4: Added delivery day | E4: Pallet max before | F4: Pallet max after | G4: Backlog after
A5: S1001 | B5: PP01 | C5: 18 | D5: Fri | E5: 7 | F5: 7 | G5: 11
A6: S1044 | B6: PP03 | C6: 16 | D6: Fri | E6: 10 | F6: 13 | G6: 0
A7: S1042 | B7: PP03 | C7: 15 | D7: Fri | E7: 11 | F7: 14 | G7: 0
A8: S1043 | B8: PP03 | C8: 15 | D8: Fri | E8: 10 | F8: 13 | G8: 0
A9: S1038 | B9: PP03 | C9: 15 | D9: Fri | E9: 9 | F9: 12 | G9: 0
A10: S1036 | B10: PP03 | C10: 13 | D10: Fri | E10: 8 | F10: 10 | G10: 0
A11: S1034 | B11: PP03 | C11: 12 | D11: Sat | E11: 9 | F11: 12 | G11: 0
A12: S1047 | B12: PP03 | C12: 12 | D12: Sat | E12: 9 | F12: 12 | G12: 0
A13: S1037 | B13: PP03 | C13: 12 | D13: Sat | E13: 9 | F13: 12 | G13: 0
A14: S1035 | B14: PP03 | C14: 11 | D14: Sat | E14: 8 | F14: 10 | G14: 0
A15: S1096 | B15: PP06 | C15: 10 | D15: Sat | E15: 7 | F15: 9 | G15: 0
A16: S1051 | B16: PP03 | C16: 10 | D16: Fri | E16: 6 | F16: 8 | G16: 0
... A138: S1135 | B138: PP04 | C138: 1 | D138: Fri | E138: 7 | F138: 9 | G138: 0

Sheet Weekly History
A1: Weekly Lane History
A2: 208 weeks of simulated lane operations. Insert > PivotTable on tblWeekly to slice it.
A4: week_ending | B4: year | C4: month | D4: pool_point_id | E4: carrier_id | F4: demand_pallets | G4: pallets_shipped | H4: backlog_pallets | I4: trailers | J4: trailer_fill_pct | K4: stops | L4: on_time_stops | M4: on_time_pct | N4: linehaul_cost | O4: handling_cost | P4: final_mile_cost | Q4: total_cost | R4: cost_per_pallet
A5: 44779 | B5: 2022 | C5: 8 | D5: PP01 | E5: CARR-A | F5: 194 | G5: 194 | H5: 0 | I5: 11 | J5: 0.67832168 | K5: 33 | L5: 32 | M5: 0.96969697 | N5: 9902.75 | O5: 1843 | P5: 5445 | Q5: 17190.75 | R5: 88.612113
A6: 44786 | B6: 2022 | C6: 8 | D6: PP01 | E6: CARR-A | F6: 203 | G6: 203 | H6: 0 | I6: 11 | J6: 0.70979021 | K6: 33 | L6: 33 | M6: 1 | N6: 9902.75 | O6: 1928.5 | P6: 5445 | Q6: 17276.25 | R6: 85.10468
A7: 44793 | B7: 2022 | C7: 8 | D7: PP01 | E7: CARR-A | F7: 184 | G7: 184 | H7: 0 | I7: 10 | J7: 0.70769231 | K7: 33 | L7: 31 | M7: 0.93939394 | N7: 9002.5 | O7: 1748 | P7: 5445 | Q7: 16195.5 | R7: 88.019022
A8: 44800 | B8: 2022 | C8: 8 | D8: PP01 | E8: CARR-A | F8: 190 | G8: 190 | H8: 0 | I8: 11 | J8: 0.66433566 | K8: 33 | L8: 30 | M8: 0.90909091 | N8: 9902.75 | O8: 1805 | P8: 5445 | Q8: 17152.75 | R8: 90.277632
A9: 44807 | B9: 2022 | C9: 9 | D9: PP01 | E9: CARR-A | F9: 190 | G9: 190 | H9: 0 | I9: 11 | J9: 0.66433566 | K9: 33 | L9: 33 | M9: 1 | N9: 9902.75 | O9: 1805 | P9: 5445 | Q9: 17152.75 | R9: 90.277632
A10: 44814 | B10: 2022 | C10: 9 | D10: PP01 | E10: CARR-A | F10: 189 | G10: 189 | H10: 0 | I10: 11 | J10: 0.66083916 | K10: 33 | L10: 33 | M10: 1 | N10: 9902.75 | O10: 1795.5 | P10: 5445 | Q10: 17143.25 | R10: 90.705026
A11: 44821 | B11: 2022 | C11: 9 | D11: PP01 | E11: CARR-A | F11: 188 | G11: 188 | H11: 0 | I11: 10 | J11: 0.72307692 | K11: 33 | L11: 31 | M11: 0.93939394 | N11: 9002.5 | O11: 1786 | P11: 5445 | Q11: 16233.5 | R11: 86.348404
A12: 44828 | B12: 2022 | C12: 9 | D12: PP01 | E12: CARR-A | F12: 180 | G12: 180 | H12: 0 | I12: 10 | J12: 0.69230769 | K12: 33 | L12: 33 | M12: 1 | N12: 9002.5 | O12: 1710 | P12: 5445 | Q12: 16157.5 | R12: 89.763889
A13: 44835 | B13: 2022 | C13: 10 | D13: PP01 | E13: CARR-A | F13: 186 | G13: 186 | H13: 0 | I13: 10 | J13: 0.71538462 | K13: 33 | L13: 30 | M13: 0.90909091 | N13: 9002.5 | O13: 1767 | P13: 5445 | Q13: 16214.5 | R13: 87.174731
A14: 44842 | B14: 2022 | C14: 10 | D14: PP01 | E14: CARR-A | F14: 184 | G14: 184 | H14: 0 | I14: 11 | J14: 0.64335664 | K14: 33 | L14: 32 | M14: 0.96969697 | N14: 9902.75 | O14: 1748 | P14: 5445 | Q14: 17095.75 | R14: 92.911685
A15: 44849 | B15: 2022 | C15: 10 | D15: PP01 | E15: CARR-A | F15: 187 | G15: 187 | H15: 0 | I15: 11 | J15: 0.65384615 | K15: 33 | L15: 30 | M15: 0.90909091 | N15: 9902.75 | O15: 1776.5 | P15: 5445 | Q15: 17124.25 | R15: 91.573529
A16: 44856 | B16: 2022 | C16: 10 | D16: PP01 | E16: CARR-A | F16: 195 | G16: 195 | H16: 0 | I16: 11 | J16: 0.68181818 | K16: 33 | L16: 32 | M16: 0.96969697 | N16: 9902.75 | O16: 1852.5 | P16: 5445 | Q16: 17200.25 | R16: 88.20641
... A1668: 46228 | B1668: 2026 | C1668: 7 | D1668: PP08 | E1668: CARR-B | F1668: 223 | G1668: 223 | H1668: 0 | I1668: 12 | J1668: 0.71474359 | K1668: 35 | L1668: 33 | M1668: 0.94285714 | N1668: 11550 | O1668: 2007 | P1668: 5600 | Q1668: 19157 | R1668: 85.90583

Sheet Pivot Volume
A1: Pallets shipped by pool point and year
A2: PivotTable on tblWeekly. Drag fields to slice by carrier or month.
A4: Pallets shipped | B4: Column Labels
A5: Row Labels | B5: 2022 | C5: 2023 | D5: 2024 | E5: 2025 | F5: 2026 | G5: Grand Total
A6: PP01 | B6: 4691 | C6: 10325 | D6: 10924 | E6: 12159 | F6: 6916 | G6: 45015
A7: PP02 | B7: 4690 | C7: 10938 | D7: 11343 | E7: 12031 | F7: 6850 | G7: 45852
A8: PP03 | B8: 5838 | C8: 13054 | D8: 15267 | E8: 16268 | F8: 9353 | G8: 59780
A9: PP04 | B9: 4541 | C9: 10134 | D9: 10387 | E9: 11555 | F9: 6634 | G9: 43251
A10: PP05 | B10: 6390 | C10: 13989 | D10: 14349 | E10: 15129 | F10: 8698 | G10: 58555
A11: PP06 | B11: 5677 | C11: 12555 | D11: 12840 | E11: 13954 | F11: 8031 | G11: 53057
A12: PP07 | B12: 4627 | C12: 10142 | D12: 10352 | E12: 11324 | F12: 6546 | G12: 42991
A13: PP08 | B13: 4611 | C13: 10129 | D13: 10355 | E13: 10901 | F13: 6305 | G13: 42301
A14: Grand Total | B14: 41065 | C14: 91266 | D14: 95817 | E14: 103321 | F14: 59333 | G14: 390802

Sheet Pivot On-Time
A1: On-time delivery rate by carrier and year
A2: Calculated field OnTimeRate = on_time_stops / stops, so each rate is weighted by deliveries.
A4: On-time rate | B4: Column Labels
A5: Row Labels | B5: 2022 | C5: 2023 | D5: 2024 | E5: 2025 | F5: 2026 | G5: Grand Total
A6: CARR-A | B6: 0.96575342 | C6: 0.96339903 | D6: 0.96132597 | E6: 0.96055227 | F6: 0.95384615 | G6: 0.9609842
A7: CARR-B | B7: 0.91027155 | C7: 0.91459163 | D7: 0.92665891 | E7: 0.91450417 | F7: 0.92289157 | G7: 0.91844626
A8: CARR-C | B8: 0.96561772 | C8: 0.96942801 | D8: 0.96784487 | E8: 0.97150997 | F8: 0.96790123 | G8: 0.96894711
A9: CARR-D | B9: 0.95516812 | C9: 0.9438883 | D9: 0.9475764 | E9: 0.94976374 | F9: 0.9534188 | G9: 0.94890417
A10: Grand Total | B10: 0.94895802 | C10: 0.94782884 | D10: 0.95051712 | E10: 0.94875038 | F10: 0.94927083 | G10: 0.94906485

Sheet Store Forecast
A1: Store Forecast
A2: Weekly forecast pallets by store (pool point forecast split by each store's recent share).
A4: Week ending | B4: Pool point ID | C4: Store ID | D4: Forecast pallets
A5: 46235 | B5: PP01 | C5: S1001 | D5: 25.8
A6: 46235 | B6: PP01 | C6: S1002 | D6: 22.3
A7: 46235 | B7: PP01 | C7: S1003 | D7: 17
A8: 46235 | B8: PP01 | C8: S1004 | D8: 24.4
A9: 46235 | B9: PP01 | C9: S1005 | D9: 10.7
A10: 46235 | B10: PP01 | C10: S1006 | D10: 13.7
A11: 46235 | B11: PP01 | C11: S1007 | D11: 10.3
A12: 46235 | B12: PP01 | C12: S1008 | D12: 20.2
A13: 46235 | B13: PP01 | C13: S1009 | D13: 16
A14: 46235 | B14: PP01 | C14: S1010 | D14: 10.3
A15: 46235 | B15: PP01 | C15: S1011 | D15: 18.8
A16: 46235 | B16: PP01 | C16: S1012 | D16: 22.9
... A3540: 46410 | B3540: PP07 | C3540: S1136 | D3540: 12.4

Sheet Pool Points
A1: Pool Points
A2: Lane master data. Linehaul cost per trailer is a formula: carrier fixed charge + miles x rate.
A4: Pool point ID | B4: City | C4: State | D4: Miles from dc | E4: Carrier ID | F4: Handling per pallet | G4: Cost per stop | H4: Linehaul cost per trailer | I4: Contracted trailers per week | J4: Trailing fill % | K4: Winter exposed
A5: PP01 | B5: Albany | C5: NY | D5: 205 | E5: CARR-A | F5: 9.5 | G5: 165 | H5: =INDEX(Carriers!$C:$C,MATCH(E5,Carriers!$A:$A,0))+D5*INDEX(Carriers!$D:$D,MATCH(E5,Carriers!$A:$A,0)) -> 900.25 | I5: 15 | J5: 0.7383 | K5: Yes
A6: PP02 | B6: Hartford | C6: CT | D6: 190 | E6: CARR-A | F6: 10.25 | G6: 180 | H6: =INDEX(Carriers!$C:$C,MATCH(E6,Carriers!$A:$A,0))+D6*INDEX(Carriers!$D:$D,MATCH(E6,Carriers!$A:$A,0)) -> 854.5 | I6: 15 | J6: 0.7916 | K6: Yes
A7: PP03 | B7: Worcester | C7: MA | D7: 265 | E7: CARR-B | F7: 10.75 | G7: 195 | H7: =INDEX(Carriers!$C:$C,MATCH(E7,Carriers!$A:$A,0))+D7*INDEX(Carriers!$D:$D,MATCH(E7,Carriers!$A:$A,0)) -> 1005.25 | I7: 18 | J7: 0.8047 | K7: Yes
A8: PP04 | B8: Harrisburg | C8: PA | D8: 120 | E8: CARR-C | F8: 8.75 | G8: 150 | H8: =INDEX(Carriers!$C:$C,MATCH(E8,Carriers!$A:$A,0))+D8*INDEX(Carriers!$D:$D,MATCH(E8,Carriers!$A:$A,0)) -> 684 | I8: 15 | J8: 0.7449 | K8: No
A9: PP05 | B9: Pittsburgh | C9: PA | D9: 300 | E9: CARR-C | F9: 9.25 | G9: 170 | H9: =INDEX(Carriers!$C:$C,MATCH(E9,Carriers!$A:$A,0))+D9*INDEX(Carriers!$D:$D,MATCH(E9,Carriers!$A:$A,0)) -> 1260 | I9: 17 | J9: 0.7837 | K9: Yes
A10: PP06 | B10: Baltimore | C10: MD | D10: 115 | E10: CARR-D | F10: 9.75 | G10: 175 | H10: =INDEX(Carriers!$C:$C,MATCH(E10,Carriers!$A:$A,0))+D10*INDEX(Carriers!$D:$D,MATCH(E10,Carriers!$A:$A,0)) -> 599.25 | I10: 17 | J10: 0.7689 | K10: No
A11: PP07 | B11: Richmond | C11: VA | D11: 255 | E11: CARR-D | F11: 8.5 | G11: 155 | H11: =INDEX(Carriers!$C:$C,MATCH(E11,Carriers!$A:$A,0))+D11*INDEX(Carriers!$D:$D,MATCH(E11,Carriers!$A:$A,0)) -> 1012.25 | I11: 13 | J11: 0.7566 | K11: No
A12: PP08 | B12: Syracuse | C12: NY | D12: 250 | E12: CARR-B | F12: 9 | G12: 160 | H12: =INDEX(Carriers!$C:$C,MATCH(E12,Carriers!$A:$A,0))+D12*INDEX(Carriers!$D:$D,MATCH(E12,Carriers!$A:$A,0)) -> 962.5 | I12: 13 | J12: 0.7006 | K12: Yes

Sheet Carriers
A1: Carriers
A2: Linehaul carriers and contract rates (fictional).
A4: Carrier ID | B4: Carrier name | C4: Fixed charge | D4: Rate per mile | E4: Base on time
A5: CARR-A | B5: Carrier A | C5: 275 | D5: 3.05 | E5: 0.965
A6: CARR-B | B6: Carrier B | C6: 250 | D6: 2.85 | E6: 0.925
A7: CARR-C | B7: Carrier C | C7: 300 | D7: 3.2 | E7: 0.975
A8: CARR-D | B8: Carrier D | C8: 260 | D8: 2.95 | E8: 0.95

Sheet Stores
A1: Stores
A2: Store master data, including stores opening in the forecast window.
A4: Store ID | B4: Pool point ID | C4: Market | D4: Size tier | E4: Base weekly pallets | F4: Delivery days | G4: Deliveries per week | H4: Pallet max | I4: Open date
A5: S1001 | B5: PP01 | C5: Albany | D5: Large | E5: 24.18 | F5: Tue/Thu/Sat | G5: 3 | H5: 11 | I5: 42005
A6: S1002 | B6: PP01 | C6: Albany | D6: Large | E6: 21.41 | F6: Tue/Thu/Sat | G6: 3 | H6: 10 | I6: 42005
A7: S1003 | B7: PP01 | C7: Albany | D7: Medium | E7: 15.97 | F7: Wed/Sat | G7: 2 | H7: 11 | I7: 42005
A8: S1004 | B8: PP01 | C8: Albany | D8: Large | E8: 22.53 | F8: Mon/Wed/Fri | G8: 3 | H8: 10 | I8: 42005
A9: S1005 | B9: PP01 | C9: Albany | D9: Small | E9: 10.27 | F9: Mon/Thu | G9: 2 | H9: 7 | I9: 42005
A10: S1006 | B10: PP01 | C10: Albany | D10: Medium | E10: 12.64 | F10: Tue/Fri | G10: 2 | H10: 9 | I10: 42005
A11: S1007 | B11: PP01 | C11: Albany | D11: Small | E11: 9.75 | F11: Wed/Sat | G11: 2 | H11: 7 | I11: 42005
A12: S1008 | B12: PP01 | C12: Albany | D12: Medium | E12: 19.3 | F12: Mon/Thu | G12: 2 | H12: 13 | I12: 45556
A13: S1009 | B13: PP01 | C13: Albany | D13: Medium | E13: 15.36 | F13: Mon/Wed/Fri | G13: 3 | H13: 7 | I13: 42005
A14: S1010 | B14: PP01 | C14: Albany | D14: Small | E14: 9.92 | F14: Mon/Thu | G14: 2 | H14: 7 | I14: 42005
A15: S1011 | B15: PP01 | C15: Albany | D15: Large | E15: 17.62 | F15: Mon/Wed/Fri | G15: 3 | H15: 8 | I15: 42005
A16: S1012 | B16: PP01 | C16: Albany | D16: Large | E16: 21.37 | F16: Mon/Wed/Fri | G16: 3 | H16: 10 | I16: 42005
... A140: S1136 | B140: PP07 | C140: Richmond | D140: Medium | E140: 15.4 | F140: Wed/Sat | G140: 2 | H140: 11 | I140: 46312

Sheet Settings
A1: Settings
A2: Named inputs used by formulas across the workbook. Change a yellow cell and everything recalculates.
A4: Setting | B4: Value
A5: As-of week ending | B5: 46228
A6: Peak plan week ending | B6: 46361
A7: Pallets per trailer | B7: 26
A8: On-time delivery target | B8: 0.95
A9: Trailer fill target | B9: 0.75
A10: Cost per pallet alert (x network) | B10: 1.1
A11: Forecast method | B11: Holt-Winters
A12: Backtest WAPE (pool point) | B12: 0.035374211
